Peak_3100	943227
Peak_21433	958789
Peak_4980	966670
Peak_13202	967906
Peak_23380	976624
Peak_3111	1000680
Peak_144740	1002216
Peak_45335	1014570
Peak_10346	1021966
Peak_6281	1024765
Peak_42789	1025813
Peak_22882	1033061
Peak_7541	1070265
Peak_907	1080645
Peak_12896	1125412
Peak_22889	1126252
Peak_64905	1135265
Peak_11391	1136625
Peak_32189	1138224
Peak_103678	1143482
Peak_4344	1145691
Peak_76579	1150118
Peak_365	1159385
Peak_54260	1166210
Peak_15391	1167066
Peak_4347	1230949
Peak_5127	1273103
Peak_22899	1282624
Peak_377	1307326
Peak_11662	1310146
Peak_8960	1319320
Peak_2381	1326769
Peak_2697	1348630
Peak_18747	1351918
Peak_6712	1357232
Peak_70142	1359500
Peak_1492	1374675
Peak_58025	1376391
Peak_8307	1398629
Peak_8308	1401249
Peak_4259	1406687
Peak_74652	1409367
Peak_64952	1420041
Peak_7558	1421646
Peak_91123	1423066
Peak_1812	1438870
Peak_38403	1506189
Peak_12913	1539882
Peak_19574	1541127
Peak_13478	1573937
Peak_129628	1576015
Peak_13873	1614861
Peak_1255	1617523
Peak_22927	1632414
Peak_4363	1679541
Peak_38442	1681663
Peak_32252	1687253
Peak_10751	1758628
Peak_1369	1760167
Peak_31869	1777693
Peak_117	1783864
Peak_3475	1848357
Peak_25533	1853918
Peak_44369	1854404
Peak_3014	1860929
Peak_3618	1882818
Peak_6879	1883849
Peak_114897	1889758
Peak_48985	1892942
Peak_8997	1908698
Peak_22962	1910201
Peak_4147	1919117
Peak_30280	2133018
Peak_11258	2134140
Peak_86726	2136259
Peak_6262	2190567
Peak_89583	2191502
Peak_10767	2194338
Peak_2619	2196348
Peak_2372	2199380
Peak_6332	2201269
Peak_6725	2204803
Peak_549	2206358
Peak_316	2209637
Peak_105	2214143
Peak_1117	2215349
Peak_53276	2227171
Peak_23006	2230843
Peak_3513	2241220
Peak_297	2252636
Peak_68963	2255135
Peak_68154	2257018
Peak_51424	2259307
Peak_41125	2273412
Peak_474	2276715
Peak_7343	2279233
Peak_25654	2280260
Peak_23014	2284826
Peak_2469	2290797
Peak_41194	2291846
Peak_18826	2295130
Peak_1118	2300994
Peak_3937	2302024
Peak_583	2314990
Peak_20009	2323089
Peak_12980	2391241
Peak_1928	2393920
Peak_28567	2395134
Peak_2472	2412382
Peak_5851	2414977
Peak_1978	2525784
Peak_3480	2527237
Peak_1377	2546143
Peak_85562	2547048
Peak_3481	2548704
Peak_318	2550095
Peak_2744	2555851
Peak_30298	2558601
Peak_3634	2576795
Peak_4386	2578354
Peak_6085	2586060
Peak_9037	2588438
Peak_21535	2593740
Peak_82623	2594369
Peak_10474	2642645
Peak_102092	3068719
Peak_61390	3069150
Peak_58112	3073397
Peak_36282	3074311
Peak_32399	3075586
Peak_18852	3079406
Peak_19659	3126766
Peak_42172	3127422
Peak_24333	3128169
Peak_24840	3132417
Peak_15519	3134128
Peak_23058	3136813
Peak_16719	3140730
Peak_95105	3161178
Peak_344	3172323
Peak_18591	3174948
Peak_1965	3175752
Peak_10788	3184094
Peak_7608	3188214
Peak_54595	3191016
Peak_54597	3199094
Peak_45890	3214161
Peak_34989	3217461
Peak_13002	3219440
Peak_30307	3220713
Peak_42912	3223440
Peak_54602	3239018
Peak_13004	3249403
Peak_35681	3262689
Peak_17684	3313169
Peak_16947	3315207
Peak_593	3321121
Peak_142922	3323178
Peak_4394	3324026
Peak_2479	3351475
Peak_3640	3354671
Peak_53285	3367421
Peak_113075	3370404
Peak_11750	3394511
Peak_13006	3419521
Peak_20925	3421141
Peak_22107	3423256
Peak_10794	3425064
Peak_14124	3454561
Peak_26751	3455437
Peak_25675	3459544
Peak_37251	3460252
Peak_2035	3461160
Peak_23068	3483231
Peak_29096	3531368
Peak_27320	3543018
Peak_4060	3624246
Peak_13456	3626231
Peak_10796	3746985
Peak_41451	3773825
Peak_4396	3795862
Peak_5982	3856743
Peak_27329	3859083
Peak_87468	3899722
Peak_40467	5991546
Peak_6388	5993777
Peak_11767	6198975
Peak_20933	6200624
Peak_13054	6206083
Peak_25407	6207089
Peak_6393	6235495
Peak_5304	6260885
Peak_1130	6354981
Peak_509	6360991
Peak_82779	6386709
Peak_11770	6393207
Peak_34514	6394572
Peak_12715	6486537
Peak_38824	6491935
Peak_14137	6555653
Peak_10355	6579663
Peak_6253	6581960
Peak_3658	6583254
Peak_2264	6600362
Peak_7474	6606040
Peak_14497	6612653
Peak_31098	6615959
Peak_6404	6627135
Peak_1132	6701334
Peak_8346	6744001
Peak_79797	6786993
Peak_21583	6796031
Peak_17987	6801793
Peak_61135	6808478
Peak_25366	6820635
Peak_63316	6822433
Peak_53315	6824536
Peak_30135	7265195
Peak_20731	7266037
Peak_48732	7267070
Peak_20049	7299970
Peak_21594	7471796
Peak_51388	7574515
Peak_46203	7575332
Peak_92144	7679023
Peak_16578	7680271
Peak_19044	7705492
Peak_17084	7773229
Peak_48213	7783204
Peak_90009	7785485
Peak_43592	7961032
Peak_37789	7963810
Peak_63981	8004942
Peak_6853	8006441
Peak_29572	8015913
Peak_22172	8017541
Peak_17350	8020033
Peak_125269	8021092
Peak_56755	8028481
Peak_79835	8029273
Peak_27570	8059982
Peak_27571	8061317
Peak_32720	8062939
Peak_64566	8075638
Peak_2942	8077150
Peak_7080	8079089
Peak_26076	8083776
Peak_36390	8096137
Peak_74346	8098473
Peak_9725	8116982
Peak_40156	8118537
Peak_11985	8122100
Peak_43972	8122999
Peak_67258	8133346
Peak_51224	8135003
Peak_60104	8167293
Peak_941	8169789
Peak_451	8170751
Peak_18511	8198260
Peak_3293	8203484
Peak_1403	8218704
Peak_35252	8238985
Peak_34335	8239600
Peak_20946	8259477
Peak_40785	8260462
Peak_26638	8319060
Peak_14652	8343474
Peak_24254	8344390
Peak_63533	8353102
Peak_50093	8353754
Peak_11287	8365121
Peak_24469	8368694
Peak_2245	8375003
Peak_58761	8376683
Peak_36396	8381513
Peak_47339	8383272
Peak_34523	8398925
Peak_1091	8411131
Peak_8698	8413020
Peak_26077	8416384
Peak_90026	8417358
Peak_35734	8418369
Peak_12190	8420884
Peak_2265	8425671
Peak_10550	8439976
Peak_74169	8456540
Peak_43027	8461876
Peak_24642	8465037
Peak_47435	8511446
Peak_18513	8518715
Peak_14854	8525581
Peak_35736	8526955
Peak_59044	8572279
Peak_59045	8573322
Peak_24212	8598184
Peak_18624	8599169
Peak_4834	8662397
Peak_30366	8664694
Peak_26405	8680399
Peak_11576	8701838
Peak_68720	8704311
Peak_87562	8712267
Peak_26084	8713877
Peak_135941	8813961
Peak_8114	8816962
Peak_26086	8848895
Peak_42251	8859053
Peak_1404	8876794
Peak_5749	8880432
Peak_32747	9069863
Peak_13512	9128819
Peak_3094	9163450
Peak_37931	9164060
Peak_70458	9165021
Peak_21793	9181761
Peak_13513	9183921
Peak_13158	9234452
Peak_1266	9237019
Peak_1469	9239904
Peak_21337	9241177
Peak_29944	9242713
Peak_6108	9245816
Peak_15734	9248497
Peak_610	9251963
Peak_137793	9290104
Peak_67698	9291075
Peak_90044	9292289
Peak_55170	9294608
Peak_42259	9295946
Peak_27622	9301588
Peak_14160	9304175
Peak_46345	9316538
Peak_23337	9318912
Peak_10952	9320410
Peak_113833	9322274
Peak_58253	9324785
Peak_17708	9326718
Peak_39062	9327912
Peak_39066	9337961
Peak_1410	9340558
Peak_6479	9372860
Peak_12453	9376028
Peak_95169	9377885
Peak_10961	9402397
Peak_654	9414105
Peak_23350	9415033
Peak_35449	9429797
Peak_35749	9436239
Peak_29254	9438428
Peak_15326	9539221
Peak_90054	9556078
Peak_29133	9561557
Peak_77827	9562155
Peak_2544	9590650
Peak_55263	9594278
Peak_7747	9652548
Peak_23378	9690927
Peak_44006	9823186
Peak_9199	9826016
Peak_5859	9891528
Peak_8702	9893751
Peak_7749	9902918
Peak_27679	9909745
Peak_13520	9911670
Peak_31701	9942716
Peak_90058	9944565
Peak_10987	9998330
Peak_44428	10056644
Peak_15375	10067513
Peak_45579	10388126
Peak_18720	10388953
Peak_21860	10400454
Peak_49450	10430318
Peak_12889	10431863
Peak_35617	10472049
Peak_41825	10473320
Peak_22055	10476806
Peak_3828	10496140
Peak_4755	10511234
Peak_28555	10516846
Peak_25341	10520015
Peak_10385	10523518
Peak_21408	10530344
Peak_31865	10531170
Peak_42108	10629664
Peak_45580	10632499
Peak_7540	10636094
Peak_62265	10636605
Peak_38334	10637768
Peak_27132	10638740
Peak_57251	10641844
Peak_18721	10647222
Peak_102834	10652677
Peak_6282	10654731
Peak_32161	10657122
Peak_2342	10666026
Peak_978	10671240
Peak_35618	10672917
Peak_5646	10677507
Peak_580	10691700
Peak_16481	10692881
Peak_24817	10693318
Peak_140883	10696346
Peak_43789	10698105
Peak_85422	10699712
Peak_5213	10705321
Peak_87379	10715599
Peak_12364	10718698
Peak_15376	10721821
Peak_36206	10724222
Peak_1237	10728711
Peak_25001	10738360
Peak_50518	10739861
Peak_27134	10754069
Peak_6706	10758173
Peak_40186	10759697
Peak_8674	10760741
Peak_20469	10762379
Peak_42109	10765138
Peak_8950	10766734
Peak_34261	10776106
Peak_24678	10777397
Peak_139281	10780765
Peak_22057	10781827
Peak_38335	10783442
Peak_19482	10786339
Peak_10708	10789544
Peak_18473	10793119
Peak_32162	10794809
Peak_27135	10797451
Peak_54202	10815484
Peak_49453	10944936
Peak_5214	10981094
Peak_1943	11014442
Peak_26256	11059326
Peak_51815	11061841
Peak_4340	11099241
Peak_70115	11158377
Peak_12897	11262185
Peak_909	11275630
Peak_42120	11654198
Peak_42121	11656132
Peak_38372	11730479
Peak_12218	11731847
Peak_10173	11733239
Peak_32193	11736018
Peak_4345	11737972
Peak_22895	11747418
Peak_17	11790974
Peak_1108	11792291
Peak_7260	11805313
Peak_19897	11808154
Peak_32195	11921125
Peak_10721	11930480
Peak_21320	11936069
Peak_28734	11979895
Peak_6711	11982137
Peak_10623	11984494
Peak_11236	11985247
Peak_51833	11991513
Peak_16173	12125807
Peak_24824	12143663
Peak_12684	12144580
Peak_54268	12148054
Peak_91099	12149445
Peak_820	12163003
Peak_61279	12168407
Peak_18744	12170300
Peak_67566	12172190
Peak_79596	12175779
Peak_30590	12179729
Peak_119017	12181201
Peak_1069	12186821
Peak_18292	12232156
Peak_89736	12245388
Peak_36214	12357001
Peak_29872	12382475
Peak_2389	12406260
Peak_57252	12407466
Peak_14701	12408585
Peak_2296	12435649
Peak_34560	12436695
Peak_53675	12439449
Peak_4002	12449475
Peak_10578	12450248
Peak_16985	12452059
Peak_26262	12455168
Peak_50025	12458745
Peak_7019	12461349
Peak_5647	12463932
Peak_59001	12465414
Peak_5829	12476852
Peak_443	12480013
Peak_4285	12481569
Peak_23989	12486396
Peak_13692	12497229
Peak_33462	12510604
Peak_62273	12512274
Peak_41711	12528446
Peak_22389	12529402
Peak_4950	12541729
Peak_39886	12549967
Peak_75262	12550502
Peak_120573	12556550
Peak_7555	12592340
Peak_85440	12593498
Peak_1868	12598572
Peak_12901	12600011
Peak_2011	12605410
Peak_38384	12609747
Peak_21771	12615256
Peak_7478	12619973
Peak_53950	12620851
Peak_5023	12623051
Peak_61284	13543789
Peak_103693	13617100
Peak_96296	13619475
Peak_42810	13621305
Peak_50027	13701775
Peak_36218	13751451
Peak_40446	13760651
Peak_71529	13801778
Peak_27160	14599556
Peak_114090	14882114
Peak_54295	14882917
Peak_57253	14925831
Peak_7561	14945313
Peak_32218	14946332
Peak_103700	14969061
Peak_42815	15089493
Peak_29547	15090500
Peak_27166	15140127
Peak_43808	15142083
Peak_7013	15152463
Peak_33576	15156444
Peak_41170	15159391
Peak_82500	15161153
Peak_44367	15166721
Peak_16986	15169068
Peak_14581	15173611
Peak_99388	15175029
Peak_62534	15177283
Peak_12686	15180331
Peak_25529	15188220
Peak_17477	15189193
Peak_16328	15191171
Peak_96304	15191766
Peak_12369	15193426
Peak_12912	15197803
Peak_1487	15201247
Peak_22911	15202101
Peak_8677	15203683
Peak_72475	15204768
Peak_60886	15205710
Peak_4048	15207939
Peak_6715	15210104
Peak_13693	15213834
Peak_41591	15214720
Peak_136181	15215500
Peak_24949	15247146
Peak_45341	15248006
Peak_75807	15260856
Peak_14908	15284238
Peak_73396	15284756
Peak_15011	15285773
Peak_22912	15327672
Peak_12349	15329722
Peak_45013	15339382
Peak_59140	15340815
Peak_20703	15342125
Peak_56924	15351574
Peak_34639	15409493
Peak_7563	15414711
Peak_12914	15418295
Peak_2460	15420691
Peak_56668	15421844
Peak_38407	15422443
Peak_16256	15423630
Peak_4355	15427667
Peak_82504	15432730
Peak_40577	15523589
Peak_68954	15526456
Peak_29878	15527930
Peak_32225	15585097
Peak_30602	15602582
Peak_28948	15604723
Peak_40448	15616919
Peak_89122	15620038
Peak_29879	15620986
Peak_10736	15684097
Peak_34271	15686529
Peak_27172	15697360
Peak_11727	15703561
Peak_6078	15704530
Peak_43811	15717770
Peak_15072	15719209
Peak_11728	15736080
Peak_6080	15737571
Peak_22922	15758811
Peak_32227	15760584
Peak_60887	15761696
Peak_113004	15781458
Peak_31005	15798429
Peak_1627	15801514
Peak_47966	15833391
Peak_19856	15847210
Peak_22593	15850785
Peak_28950	15886357
Peak_3187	15887772
Peak_14452	15894159
Peak_1650	15954730
Peak_105283	15965347
Peak_22395	15967040
Peak_29882	15975450
Peak_7567	16014724
Peak_5903	16018660
Peak_13755	16020024
Peak_38417	16121625
Peak_70151	16140944
Peak_6301	16142543
Peak_106503	16143964
Peak_11947	16147900
Peak_10739	16154729
Peak_36802	16157076
Peak_8972	16168754
Peak_196	16178335
Peak_48126	16179650
Peak_7415	16182843
Peak_6302	16206441
Peak_27177	16207817
Peak_72483	16216330
Peak_61308	16217126
Peak_3603	16218137
Peak_71533	16236771
Peak_5763	16238141
Peak_1861	16249900
Peak_37563	16250434
Peak_24962	16251454
Peak_27178	16299246
Peak_21500	16351020
Peak_41428	16351593
Peak_10080	16369806
Peak_3606	16377461
Peak_70154	16379967
Peak_379	16387303
Peak_19627	16388458
Peak_14476	16393648
Peak_74541	16440527
Peak_35419	16441977
Peak_4278	16612955
Peak_441	16615123
Peak_2288	16644186
Peak_5850	16645579
Peak_3010	16765540
Peak_71817	16889207
Peak_81592	16890149
Peak_10349	16892860
Peak_44671	16897478
Peak_18360	16903858
Peak_34574	16906348
Peak_7380	16913882
Peak_37774	16915746
Peak_21090	16948662
Peak_38446	16980253
Peak_5245	17011440
Peak_35178	17053552
Peak_6815	17437494
Peak_51862	17440638
Peak_35179	17517037
Peak_30611	17532794
Peak_13878	17539563
Peak_74671	17541383
Peak_67998	17542141
Peak_48129	17546068
Peak_8314	17552547
Peak_741	17563047
Peak_1574	17566573
Peak_82530	17567640
Peak_4688	17571088
Peak_54372	17573436
Peak_27202	17574313
Peak_53266	17576706
Peak_22750	17580413
Peak_43828	17582514
Peak_2779	17588857
Peak_47457	17589924
Peak_110417	17596763
Peak_45724	17597198
Peak_22952	17606886
Peak_15439	17624914
Peak_40284	18480112
Peak_38469	18482011
Peak_65072	18482724
Peak_16802	18903955
Peak_69694	18908405
Peak_7586	18925184
Peak_8996	18928346
Peak_14399	18945895
Peak_12350	18950213
Peak_4367	18952337
Peak_15443	18955036
Peak_28560	18957662
Peak_3476	19011262
Peak_14320	19012801
Peak_8317	19068572
Peak_32274	19073957
Peak_4368	19076221
Peak_22599	19081666
Peak_83602	19122834
Peak_94110	19139153
Peak_10674	19141196
Peak_7020	19203990
Peak_8888	19208319
Peak_110429	19209506
Peak_4049	19211812
Peak_20001	19251184
Peak_4641	19253610
Peak_91295	19260884
Peak_38471	19271190
Peak_32275	19274807
Peak_45737	19289534
Peak_91297	19290086
Peak_147206	19311517
Peak_10009	19313874
Peak_42142	19348569
Peak_803	19386989
Peak_18789	19391237
Peak_1690	19393460
Peak_8999	19403113
Peak_22965	19405237
Peak_22966	19406534
Peak_50036	19409028
Peak_13580	19413808
Peak_12690	19414417
Peak_20708	19415670
Peak_68128	19420447
Peak_26783	19421178
Peak_60574	19421776
Peak_1493	19428681
Peak_3907	19431375
Peak_5098	19434911
Peak_6248	19441916
Peak_12092	19444971
Peak_3989	19447179
Peak_296	19454468
Peak_4768	19457921
Peak_5163	19459174
Peak_73645	19460156
Peak_225	19469526
Peak_15034	19471493
Peak_71033	19472536
Peak_3241	19477875
Peak_6030	19482813
Peak_18480	19483325
Peak_14767	19484530
Peak_12184	19487278
Peak_58056	19488013
Peak_42557	19496430
Peak_82553	19506157
Peak_11394	19598601
Peak_119041	19603569
Peak_22080	19607659
Peak_42058	19613448
Peak_22081	19643897
Peak_10755	19647110
Peak_72512	19647992
Peak_18791	19648858
Peak_7175	19651347
Peak_47591	19736789
Peak_18059	19738943
Peak_26784	19799400
Peak_6140	19884176
Peak_27214	20187604
Peak_6316	20485300
Peak_65111	20487347
Peak_11730	20507553
Peak_9421	20633463
Peak_31021	20635418
Peak_14549	20660744
Peak_38490	20662584
Peak_15454	20697679
Peak_7042	20733967
Peak_7416	20785660
Peak_69696	20788491
Peak_4954	21022296
Peak_28562	21150541
Peak_37235	21174591
Peak_45778	21177618
Peak_20919	21253109
Peak_106697	21254484
Peak_27240	21255280
Peak_827	21264198
Peak_45791	21268800
Peak_18817	21270883
Peak_10765	21278152
Peak_5099	21280836
Peak_7591	21285967
Peak_50594	21290164
Peak_48436	21293433
Peak_36259	21294896
Peak_28564	21295483
Peak_9020	21303713
Peak_2441	21309008
Peak_36096	21309841
Peak_14117	21314374
Peak_63448	21315723
Peak_35505	21317041
Peak_3478	21321491
Peak_577	21326584
Peak_3225	21327833
Peak_37427	21330131
Peak_7594	21332548
Peak_27248	21333725
Peak_1374	21336370
Peak_2177	21343171
Peak_12228	21344490
Peak_12974	21346944
Peak_38529	21441111
Peak_29889	21574963
Peak_61363	21619304
Peak_35189	21623625
Peak_26302	21625435
Peak_96396	21635124
Peak_45799	21639374
Peak_919	21651657
Peak_3017	21652600
Peak_1116	21669925
Peak_6647	21674096
Peak_2700	21766654
Peak_125478	21781214
Peak_12149	21782251
Peak_6930	21784580
Peak_106714	21789200
Peak_896	21870790
Peak_16945	21895622
Peak_33400	21898814
Peak_879	21905045
Peak_12536	21908316
Peak_64175	21908964
Peak_2932	21916614
Peak_12975	21917770
Peak_6205	21921242
Peak_2701	21921834
Peak_29662	21923874
Peak_42873	21924761
Peak_19577	21926717
Peak_447	21929142
Peak_180	21933879
Peak_15315	21934547
Peak_30632	21936300
Peak_17485	21938491
Peak_7930	21940493
Peak_17066	21943109
Peak_12695	21943690
Peak_43853	21944874
Peak_2641	21957734
Peak_34652	21958331
Peak_16511	21962409
Peak_27251	22027012
Peak_102082	22032316
Peak_22091	22040700
Peak_36261	22054658
Peak_2467	22059029
Peak_9556	22070360
Peak_19490	22114968
Peak_70207	22142676
Peak_32331	22143984
Peak_9024	22163826
Peak_23005	22257418
Peak_32332	22259104
Peak_18822	22414323
Peak_52778	22414864
Peak_21003	22455077
Peak_18362	22751096
Peak_75293	22808997
Peak_130535	23100665
Peak_37411	23103004
Peak_37812	23119931
Peak_29720	23167630
Peak_45817	23177847
Peak_25190	23342567
Peak_119065	23367818
Peak_2743	23371665
Peak_71102	23394976
Peak_27265	23395651
Peak_7046	23405209
Peak_3320	23424191
Peak_141789	23425555
Peak_14483	23452875
Peak_24237	23480219
Peak_57122	23485333
Peak_32352	23525665
Peak_18827	23529085
Peak_3330	23531272
Peak_35664	23556173
Peak_52551	23558001
Peak_20908	23562351
Peak_63308	23563466
Peak_17795	23565169
Peak_74713	23569401
Peak_4379	23577914
Peak_10773	23578813
Peak_41850	23620161
Peak_20503	23693447
Peak_110505	23706184
Peak_6336	23727499
Peak_41027	23728996
Peak_49246	23742822
Peak_26717	23746401
Peak_50050	23776549
Peak_2407	23778005
Peak_2953	23780235
Peak_4263	23790922
Peak_5255	23793724
Peak_34979	23795223
Peak_110506	23796527
Peak_74714	23798412
Peak_103793	23799495
Peak_15487	23800229
Peak_27269	23802313
Peak_9030	23810771
Peak_142881	23831002
Peak_17488	23867819
Peak_42158	23920568
Peak_117496	23921306
Peak_58090	23957189
Peak_113053	23958258
Peak_16809	23958777
Peak_32357	23961430
Peak_42159	23965114
Peak_9660	23979178
Peak_14484	23981662
Peak_114100	23985353
Peak_51914	24010784
Peak_60913	24015583
Peak_27271	24016840
Peak_8142	24018958
Peak_4380	24022775
Peak_53280	24047364
Peak_57819	24319840
Peak_95091	24322451
Peak_50051	24322848
Peak_9427	24419138
Peak_64345	24504621
Peak_63899	24506124
Peak_47309	24542065
Peak_32359	24556697
Peak_36267	24568037
Peak_63900	24642013
Peak_28294	24645251
Peak_54519	24705386
Peak_50614	24725033
Peak_6727	24744489
Peak_68168	24753164
Peak_21299	24766139
Peak_114103	24794070
Peak_21124	24849268
Peak_51917	24929811
Peak_21978	25232058
Peak_6874	25233965
Peak_21020	25239795
Peak_21091	25241173
Peak_7957	25246156
Peak_94142	25248434
Peak_10775	25341023
Peak_29414	25429840
Peak_17408	25432740
Peak_13701	25433778
Peak_14852	25545213
Peak_2901	25551286
Peak_10777	25557037
Peak_34173	25562841
Peak_4384	25567159
Peak_4097	25569332
Peak_12294	25574140
Peak_12993	25616374
Peak_26317	25619641
Peak_27287	25659875
Peak_33550	25695774
Peak_14919	25701425
Peak_36847	25703100
Peak_7049	25728539
Peak_2871	25745060
Peak_32381	25766692
Peak_65268	25767198
Peak_2029	25772494
Peak_2030	25776293
Peak_12994	25785785
Peak_82622	25787258
Peak_36848	25796810
Peak_51928	25799620
Peak_5262	25802502
Peak_32382	25806650
Peak_1697	25819579
Peak_743	25822039
Peak_15504	25859388
Peak_19649	25860804
Peak_67620	25867252
Peak_30646	25868672
Peak_8271	25872308
Peak_51531	25874038
Peak_4387	25875448
Peak_4388	25890318
Peak_12995	25893678
Peak_45366	25905017
Peak_47313	25923836
Peak_13761	25997696
Peak_7601	26035290
Peak_4008	26036786
Peak_36273	26110703
Peak_74335	26113271
Peak_49527	26115729
Peak_29514	26128525
Peak_4292	26161744
Peak_14488	26162473
Peak_10779	26164351
Peak_4009	26171638
Peak_24019	26235554
Peak_535	26279622
Peak_2475	26282015
Peak_9039	26285823
Peak_31040	26290658
Peak_8143	26306307
Peak_26320	26337173
Peak_32383	26431918
Peak_21259	26433275
Peak_4647	26472042
Peak_18363	26474795
Peak_105699	26500387
Peak_45856	26530792
Peak_41857	26531581
Peak_32385	26532848
Peak_61383	26541948
Peak_34501	26619768
Peak_130982	26677968
Peak_1257	26695461
Peak_1563	26708309
Peak_3244	26719611
Peak_1785	26725418
Peak_2808	26740971
Peak_36274	26748413
Peak_48152	26772235
Peak_69707	26781850
Peak_25545	26783311
Peak_1027	26787453
Peak_13762	26800326
Peak_10093	26826404
Peak_4390	26829841
Peak_13484	26849443
Peak_26323	26864819
Peak_9909	26889787
Peak_12996	26891125
Peak_4098	26899950
Peak_79687	26915938
Peak_79688	26922825
Peak_150487	26923399
Peak_28960	26960517
Peak_59932	26961529
Peak_18848	26992167
Peak_18077	26993550
Peak_5613	27002151
Peak_1698	27006271
Peak_9040	27008959
Peak_10780	27012462
Peak_3521	27028670
Peak_10781	27032431
Peak_1057	27100305
Peak_6677	27112859
Peak_10094	27116857
Peak_15507	27118861
Peak_38592	27120824
Peak_18588	27130756
Peak_54566	27131417
Peak_37597	27133636
Peak_3636	27139556
Peak_28392	27144285
Peak_18398	27146660
Peak_42563	27150393
Peak_5915	27152633
Peak_10057	27153637
Peak_8196	27234288
Peak_10782	27236849
Peak_27295	27299604
Peak_95869	27300259
Peak_34985	27321943
Peak_3459	27323982
Peak_32390	27349441
Peak_3026	27350512
Peak_14489	27358191
Peak_1827	27365631
Peak_1121	27368214
Peak_3482	27392514
Peak_32392	27393058
Peak_6088	27404190
Peak_96442	27405865
Peak_106065	27418435
Peak_2301	27420300
Peak_1343	27428915
Peak_26018	27430181
Peak_29893	27432265
Peak_10253	27437699
Peak_11565	27438757
Peak_99441	27488921
Peak_16519	27492682
Peak_6347	27505461
Peak_40619	27519974
Peak_2227	27524229
Peak_62294	27525810
Peak_68969	27526467
Peak_256	27528492
Peak_15509	27536510
Peak_36854	27540736
Peak_7603	27543939
Peak_45862	27544692
Peak_36276	27547030
Peak_23048	27555095
Peak_7051	27559037
Peak_30	27566190
Peak_132	27576832
Peak_15510	27577340
Peak_54569	27586080
Peak_2032	27592853
Peak_1378	27602335
Peak_5265	27634625
Peak_15511	27659733
Peak_58704	27663173
Peak_20214	27672095
Peak_18850	27725434
Peak_19654	27727507
Peak_59499	27774374
Peak_4648	27776216
Peak_57123	27778266
Peak_61167	27779429
Peak_33470	27785795
Peak_3423	27788960
Peak_30175	27790447
Peak_50287	27817296
Peak_17011	27832564
Peak_12701	27914123
Peak_36855	27915253
Peak_71557	27961545
Peak_38596	27971320
Peak_5601	28088069
Peak_61386	28160997
Peak_19655	28172589
Peak_12997	28174515
Peak_8324	28232368
Peak_18337	28235870
Peak_2764	28237783
Peak_50629	28245466
Peak_8735	28248598
Peak_35677	28250136
Peak_47314	28261714
Peak_16131	28328772
Peak_102088	28330173
Peak_5078	28437998
Peak_2794	28508734
Peak_14221	28511032
Peak_18851	28518207
Peak_2477	28519390
Peak_16522	28580952
Peak_25666	28582978
Peak_14773	28642246
Peak_85136	28644742
Peak_44470	28648139
Peak_40460	28668617
Peak_23049	28670543
Peak_20434	28738785
Peak_87451	28775273
Peak_105704	28887241
Peak_8806	28888544
Peak_44471	28914290
Peak_27300	28915456
Peak_29223	28927070
Peak_872	28928273
Peak_11745	29124538
Peak_4769	29157654
Peak_5917	29178336
Peak_35678	29180981
Peak_82086	29183079
Peak_6736	29202915
Peak_29894	29230616
Peak_42906	29238637
Peak_27302	30084096
Peak_39944	30719942
Peak_76970	30753276
Peak_22612	30798955
Peak_27303	30808230
Peak_74118	30816799
Peak_2409	30824100
Peak_65296	30825257
Peak_34657	30847520
Peak_25668	30877640
Peak_9041	30880047
Peak_53172	30886276
Peak_72590	30887491
Peak_11960	30888498
Peak_2680	30889289
Peak_106845	30896054
Peak_2158	30903023
Peak_20924	30903734
Peak_27304	30908125
Peak_2478	30910025
Peak_51941	30910867
Peak_5853	30968320
Peak_12628	30976363
Peak_14774	30978025
Peak_25669	31056501
Peak_9587	31064082
Peak_32401	31066273
Peak_50639	31154781
Peak_31652	31156071
Peak_9742	31296202
Peak_17012	31298362
Peak_50640	31372285
Peak_6351	31374506
Peak_7607	31413116
Peak_27309	31416513
Peak_6352	31573925
Peak_3638	31576384
Peak_21879	31581252
Peak_449	31585185
Peak_10254	31588930
Peak_73676	31589796
Peak_72598	31592311
Peak_921	31627443
Peak_5267	31629354
Peak_36286	31644266
Peak_50641	31667505
Peak_19494	31670238
Peak_33724	31671114
Peak_30653	31671814
Peak_3027	31703596
Peak_28571	31704759
Peak_1813	31705601
Peak_26021	31715235
Peak_10787	31761817
Peak_101627	31788183
Peak_83952	31842819
Peak_43875	31844046
Peak_86737	31881050
Peak_14456	31912981
Peak_16343	31922710
Peak_24950	31923290
Peak_11545	31927632
Peak_42507	31929624
Peak_5586	31935312
Peak_12296	31936563
Peak_12653	31940557
Peak_814	31946251
Peak_2289	31957070
Peak_36865	31958351
Peak_105710	31985659
Peak_39945	32072527
Peak_30654	32074227
Peak_8736	32112239
Peak_17314	32116972
Peak_61398	32143109
Peak_20716	32179129
Peak_16344	32179547
Peak_1625	32182432
Peak_7226	32200501
Peak_4649	32202326
Peak_8197	32205358
Peak_35361	32206644
Peak_3985	32221814
Peak_35200	32224502
Peak_18080	32240208
Peak_38615	32242442
Peak_14635	32249044
Peak_87461	32291840
Peak_43876	32316970
Peak_80862	32320845
Peak_140058	32323309
Peak_114111	32335382
Peak_35201	32336836
Peak_127946	32338446
Peak_91575	32349708
Peak_698	32353846
Peak_28486	32354578
Peak_8080	32362758
Peak_2704	32394009
Peak_127947	32401599
Peak_24334	32649999
Peak_13886	32653517
Peak_18082	32655521
Peak_24065	32682666
Peak_21329	32684753
Peak_59945	32685467
Peak_45893	32694288
Peak_7992	32696203
Peak_2034	32704260
Peak_38624	32716603
Peak_7609	32738011
Peak_25672	32741424
Peak_15522	32743880
Peak_89141	32745806
Peak_72603	32746866
Peak_9045	32753755
Peak_23062	32756457
Peak_23063	32758480
Peak_9046	32759814
Peak_319	32762538
Peak_54605	32763611
Peak_20838	32764952
Peak_1654	32768105
Peak_45896	32768931
Peak_95107	32775790
Peak_31050	32819891
Peak_61400	32901133
Peak_9910	32934152
Peak_57551	32949840
Peak_72605	32950818
Peak_8737	32962997
Peak_101380	32963607
Peak_82647	32973414
Peak_27313	32982243
Peak_2273	32989963
Peak_31051	32993278
Peak_67631	32998626
Peak_13832	33007356
Peak_18592	33009902
Peak_38214	33011919
Peak_44399	33012682
Peak_110559	33023283
Peak_51947	33023921
Peak_94153	33024796
Peak_58121	33036326
Peak_36097	33082460
Peak_74122	33128315
Peak_50645	33151197
Peak_91587	33181527
Peak_29422	33182947
Peak_26613	33255499
Peak_8686	33259474
Peak_29224	33328588
Peak_40587	33332702
Peak_62298	33334417
Peak_120	33347163
Peak_151008	33351049
Peak_8872	33364684
Peak_136271	33366662
Peak_36292	33430329
Peak_57597	33456227
Peak_84448	33472162
Peak_73679	33473590
Peak_51948	33576183
Peak_9557	34407624
Peak_33725	34782639
Peak_38638	34793613
Peak_25676	34826308
Peak_8081	34844363
Peak_27317	34845701
Peak_21541	34852250
Peak_25276	34859218
Peak_6219	34866071
Peak_20717	34867126
Peak_8601	34984830
Peak_59956	35079307
Peak_23071	35080686
Peak_12560	35194073
Peak_37603	35320680
Peak_24699	35325501
Peak_48726	35449263
Peak_2345	35453397
Peak_15252	35540954
Peak_6039	35556798
Peak_16263	35558614
Peak_27321	35561651
Peak_30660	35638164
Peak_12445	35640949
Peak_27322	35718237
Peak_18593	35769171
Peak_31538	35811329
Peak_68191	35885280
Peak_6355	35888520
Peak_59010	35930429
Peak_35684	35932747
Peak_27323	36085017
Peak_5919	36088666
Peak_59155	36090525
Peak_18862	36100364
Peak_32423	36115714
Peak_15527	36125902
Peak_65338	36136271
Peak_27324	36136743
Peak_24066	36149023
Peak_40	36150932
Peak_671	36152336
Peak_6988	36155526
Peak_5747	36163338
Peak_65339	36166400
Peak_18594	36175557
Peak_25677	36179010
Peak_27325	36183517
Peak_23074	36188395
Peak_106909	36200403
Peak_32424	36204938
Peak_47685	36208277
Peak_14927	36226719
Peak_8130	36249642
Peak_2214	36253001
Peak_41450	36258469
Peak_45369	36259525
Peak_33608	36268859
Peak_75318	36269494
Peak_36297	36270247
Peak_102098	36282888
Peak_145356	36284266
Peak_48383	36286039
Peak_51536	36300087
Peak_45051	36300745
Peak_31936	36306455
Peak_37252	36307715
Peak_63470	36320969
Peak_34503	36323135
Peak_6738	36324604
Peak_48523	36349853
Peak_102099	36351799
Peak_15528	36353098
Peak_13008	36366926
Peak_9434	36372241
Peak_515	36376026
Peak_3400	36384893
Peak_18300	36388248
Peak_18088	36397221
Peak_12150	36450264
Peak_24536	36451392
Peak_19913	36463846
Peak_91609	36487380
Peak_67642	37465931
Peak_3891	37472897
Peak_5765	37474325
Peak_2873	37480973
Peak_685	37488215
Peak_42690	37498012
Peak_102100	37499687
Peak_63096	37500123
Peak_6947	37514177
Peak_59504	37515782
Peak_35204	37534960
Peak_14835	37553877
Peak_59959	37556862
Peak_18089	37557730
Peak_13703	37595587
Peak_85607	37596688
Peak_2481	37690108
Peak_594	37691904
Peak_57260	37693374
Peak_3830	37807573
Peak_25397	37809667
Peak_24178	37811509
Peak_56931	37817568
Peak_29824	37859135
Peak_67434	37860798
Peak_13009	37931427
Peak_117557	37940400
Peak_8291	37946117
Peak_13549	37989444
Peak_79716	37990950
Peak_10798	37995831
Peak_70262	37997360
Peak_16732	38001992
Peak_18091	38004597
Peak_9797	38015467
Peak_87000	38015876
Peak_103849	38017279
Peak_18595	38724684
Peak_33962	38727049
Peak_62235	38728424
Peak_12507	38858877
Peak_41865	38872786
Peak_56706	38990837
Peak_19496	38993692
Peak_29150	38996838
Peak_13011	39026059
Peak_59961	39027464
Peak_47687	39107495
Peak_14490	39108486
Peak_14990	39111359
Peak_30312	39117415
Peak_2329	39128359
Peak_9819	39130626
Peak_25398	39133601
Peak_17169	39142855
Peak_67495	39143652
Peak_2785	39156018
Peak_13666	39158342
Peak_35205	39160674
Peak_62303	39165877
Peak_25277	39175715
Peak_62304	39179550
Peak_26718	39185007
Peak_20450	39193317
Peak_22423	39194253
Peak_8873	39196691
Peak_123057	39197797
Peak_6356	39205047
Peak_80353	39205380
Peak_14086	39216169
Peak_54633	39231586
Peak_20215	39268197
Peak_59963	39273464
Peak_68976	39284693
Peak_154	39396307
Peak_7018	39398675
Peak_4318	39399549
Peak_74389	39406558
Peak_35206	39408444
Peak_7147	39410989
Peak_29097	39575368
Peak_54637	39639946
Peak_54638	39701395
Peak_8867	39740066
Peak_32428	39789568
Peak_32429	39818559
Peak_3424	39846447
Peak_11861	39893499
Peak_6358	39901649
Peak_24240	39954965
Peak_2037	39955836
Peak_24170	39956666
Peak_54640	39960899
Peak_54641	39981508
Peak_32433	39988578
Peak_21261	40037469
Peak_30049	40038923
Peak_3208	40039685
Peak_6359	40042582
Peak_19664	40049934
Peak_7473	40059606
Peak_14958	40060742
Peak_114114	40160980
Peak_16265	40257208
Peak_24538	40259395
Peak_74744	40267952
Peak_45922	40339176
Peak_114331	40381131
Peak_37838	40382104
Peak_6091	40388257
Peak_8776	40393540
Peak_41736	40532915
Peak_32434	40665452
Peak_20019	40666483
Peak_33727	40693705
Peak_12231	40697521
Peak_110595	40709055
Peak_8145	40711957
Peak_109589	40715626
Peak_14997	40717426
Peak_22768	40783742
Peak_77029	40784942
Peak_8329	40802289
Peak_10800	40861559
Peak_22114	40863306
Peak_44372	40868409
Peak_29639	40900304
Peak_27331	40920331
Peak_10801	40939916
Peak_29901	40945734
Peak_5085	40982748
Peak_14883	41003954
Peak_54658	41044878
Peak_26805	41045859
Peak_45932	41046696
Peak_3838	41103421
Peak_16814	41109164
Peak_11403	41110642
Peak_19917	41241315
Peak_37816	41243091
Peak_6363	41362837
Peak_6147	41367174
Peak_7228	41382053
Peak_23086	41383746
Peak_38662	41419501
Peak_6820	41432605
Peak_10529	41433531
Peak_43887	41475457
Peak_30316	41484681
Peak_14127	41487812
Peak_2228	41497297
Peak_9051	41499945
Peak_31941	41500509
Peak_32446	41501923
Peak_8082	41517004
Peak_38663	41892573
Peak_52614	41895270
Peak_21196	41918176
Peak_7346	42035158
Peak_56710	42173948
Peak_56711	42215213
Peak_9743	42260333
Peak_14464	42457651
Peak_34206	42463000
Peak_41211	42464274
Peak_10809	42657937
Peak_56712	42659641
Peak_17977	42686695
Peak_97819	42693565
Peak_10309	42816688
Peak_34504	42818722
Peak_26618	42848044
Peak_68978	42924192
Peak_30662	42925421
Peak_51964	42932879
Peak_5283	42937644
Peak_4152	42940416
Peak_811	42943243
Peak_687	42945341
Peak_72632	42945963
Peak_68979	42948757
Peak_17410	42950195
Peak_15539	42953997
Peak_97563	42957751
Peak_38669	42960130
Peak_85622	42964211
Peak_18095	43231255
Peak_19500	43236254
Peak_50663	43238778
Peak_27345	43256578
Peak_9057	43258051
Peak_65396	43274643
Peak_91659	43296824
Peak_59260	43350245
Peak_5093	43359490
Peak_6368	43367408
Peak_9058	43369266
Peak_7418	43389364
Peak_42185	43391266
Peak_17254	43453642
Peak_4405	43530738
Peak_23092	43537249
Peak_70274	43538805
Peak_2487	43550311
Peak_137669	43551847
Peak_41213	43553623
Peak_3032	43559023
Peak_62305	43566389
Peak_12102	43652438
Peak_36304	43707025
Peak_68198	43708656
Peak_28969	43836170
Peak_4694	43934405
Peak_41214	43946330
Peak_1589	43949186
Peak_11266	43971158
Peak_39954	43974415
Peak_17014	43977459
Peak_144769	43979064
Peak_24242	43980414
Peak_75868	43981297
Peak_746	43991302
Peak_50067	43992704
Peak_14258	44029927
Peak_18367	44032412
Peak_5539	44036666
Peak_32456	44048388
Peak_16769	44214836
Peak_32457	44240154
Peak_18876	44241163
Peak_16347	44354900
Peak_67189	44423693
Peak_2809	44633702
Peak_43492	44645542
Peak_19668	44673955
Peak_97564	44675785
Peak_110613	44676611
Peak_71129	44677398
Peak_28970	44730780
Peak_20452	44740593
Peak_22626	44775054
Peak_2707	44778307
Peak_22772	44784273
Peak_14492	44785258
Peak_4695	44787087
Peak_15545	44799786
Peak_23093	44802108
Peak_1966	44810769
Peak_10032	44813773
Peak_79729	44819694
Peak_49206	44821238
Peak_9917	44949204
Peak_8551	44986162
Peak_1081	45010435
Peak_5136	45012044
Peak_6189	45013346
Peak_30102	45207383
Peak_6821	45267043
Peak_7347	45305097
Peak_8084	45328071
Peak_14259	45341789
Peak_43415	45349352
Peak_33900	45499552
Peak_31365	45522940
Peak_74749	45545655
Peak_56713	45552419
Peak_119087	45557909
Peak_14324	45586210
Peak_28337	45689914
Peak_48437	45751696
Peak_6370	45803422
Peak_27348	45805591
Peak_25401	45892484
Peak_147363	46134784
Peak_86749	46135719
Peak_12232	46167562
Peak_24964	46172047
Peak_8607	46175621
Peak_27352	46183056
Peak_24543	46184293
Peak_59984	46184950
Peak_38679	46187847
Peak_23096	46188875
Peak_67655	46189348
Peak_848	46198085
Peak_27353	46206074
Peak_3940	46302053
Peak_19501	46305053
Peak_38680	46342144
Peak_32466	46348535
Peak_29425	46396056
Peak_10814	46402868
Peak_18877	46533941
Peak_54690	46595560
Peak_35212	46602243
Peak_2488	46603794
Peak_6372	46605434
Peak_4101	46615934
Peak_70284	46617695
Peak_24095	46667631
Peak_48013	46669110
Peak_94768	46683079
Peak_8821	46688852
Peak_70995	46705559
Peak_69466	46714926
Peak_105722	46715974
Peak_34506	46718433
Peak_22627	46720459
Peak_33552	47030819
Peak_45311	47032124
Peak_2835	47180527
Peak_23098	47182011
Peak_3644	47191181
Peak_44682	47193223
Peak_9062	47229914
Peak_7623	47232456
Peak_47698	47313901
Peak_5727	47333468
Peak_10011	47336457
Peak_32474	47437393
Peak_26039	47438342
Peak_47318	47478884
Peak_3279	47509010
Peak_59509	47555049
Peak_10819	47556836
Peak_89901	47559514
Peak_24704	47752783
Peak_45970	47810125
Peak_16270	47838714
Peak_89903	47941926
Peak_11405	47942692
Peak_927	47997272
Peak_8914	48471755
Peak_28516	50959396
Peak_8222	50961343
Peak_47319	50968111
Peak_23993	51239388
Peak_11698	51265584
Peak_88145	51297721
Peak_22428	51315358
Peak_23117	51331509
Peak_50204	51506743
Peak_50685	51515094
Peak_45376	51515899
Peak_18498	51517450
Peak_23994	51570671
Peak_71576	51616863
Peak_33733	51623325
Peak_42572	51643226
Peak_24197	51669671
Peak_21395	51691080
Peak_10663	51692923
Peak_3346	51729273
Peak_14963	51735092
Peak_70304	51737284
Peak_22123	51877647
Peak_50422	52029513
Peak_56718	52032927
Peak_31431	52054764
Peak_34510	52058474
Peak_47424	52264278
Peak_21423	52365383
Peak_4628	52406467
Peak_38720	52602368
Peak_13032	52604479
Peak_22124	52633704
Peak_18499	52698941
Peak_8655	52703964
Peak_105726	52727763
Peak_24198	52926899
Peak_103886	53015910
Peak_62969	53025200
Peak_96522	53025777
Peak_40211	53048359
Peak_32493	53062043
Peak_25692	53062930
Peak_36881	53108626
Peak_3557	53112127
Peak_15559	53122344
Peak_50073	53124090
Peak_32494	53124823
Peak_31077	53126831
Peak_38726	53136094
Peak_13033	53147272
Peak_9798	53176651
Peak_6041	53177624
Peak_71138	53183526
Peak_86754	53196487
Peak_4845	53199187
Peak_8851	53219903
Peak_15319	53221414
Peak_8113	53238000
Peak_74757	53257363
Peak_17287	53325960
Peak_68209	53327702
Peak_29907	53739950
Peak_70309	53889295
Peak_15561	53890778
Peak_7630	53900252
Peak_75651	53919661
Peak_5104	53945113
Peak_13591	53948051
Peak_135916	53982451
Peak_53740	54055052
Peak_58893	54093210
Peak_40646	54094206
Peak_35704	54095804
Peak_25279	54199649
Peak_53298	54201645
Peak_1611	54220527
Peak_79759	54270045
Peak_4678	54272640
Peak_1012	54283052
Peak_1320	54293722
Peak_28487	54295475
Peak_25696	54296809
Peak_1703	54300520
Peak_45063	54311810
Peak_9072	54313833
Peak_20027	54315374
Peak_1858	54330522
Peak_2411	54336710
Peak_83650	54341696
Peak_1911	54343552
Peak_45991	54348238
Peak_42191	54349427
Peak_23122	54350997
Peak_9922	54360879
Peak_2412	54373545
Peak_9073	54377681
Peak_4891	54380834
Peak_6234	54386276
Peak_7631	54398879
Peak_7632	54404956
Peak_551	54409580
Peak_6381	54488315
Peak_13035	54490210
Peak_22630	54541859
Peak_19505	54548591
Peak_19923	54578358
Peak_24706	54579737
Peak_5925	54581732
Peak_53299	54582555
Peak_114125	54717139
Peak_54761	54796205
Peak_123667	54800686
Peak_67191	54801578
Peak_29703	54867985
Peak_14934	54884235
Peak_60694	54886071
Peak_59416	54886491
Peak_42192	54888372
Peak_14325	55212152
Peak_14554	55213148
Peak_42193	55214089
Peak_139400	55428215
Peak_27396	55429404
Peak_41877	55431129
Peak_11928	56453466
Peak_89928	56497865
Peak_30683	56507071
Peak_95129	56508409
Peak_21069	56509680
Peak_140136	56513691
Peak_36323	56516588
Peak_16453	56517933
Peak_14935	56536133
Peak_50696	56537131
Peak_13039	56554035
Peak_50697	56563938
Peak_12341	56567411
Peak_113129	56570781
Peak_53961	56571994
Peak_14952	56573613
Peak_127034	56574228
Peak_22366	56576580
Peak_31367	56580411
Peak_40983	56644715
Peak_17691	56819509
Peak_57359	58577688
Peak_125606	58578601
Peak_31947	58585949
Peak_2709	58620285
Peak_15262	58699405
Peak_9083	58774211
Peak_18306	58786271
Peak_24321	58814393
Peak_5746	58816026
Peak_20723	58817392
Peak_60021	58825142
Peak_68235	58849331
Peak_8608	58858315
Peak_57131	58859772
Peak_29917	58875257
Peak_7280	58886998
Peak_53514	58888091
Peak_44934	58893855
Peak_5189	58894938
Peak_849	58896888
Peak_17898	58897524
Peak_57886	58901033
Peak_59701	58904597
Peak_42015	58923434
Peak_141814	58933292
Peak_64562	58942840
Peak_27415	58966021
Peak_8121	58969240
Peak_33447	58977079
Peak_25702	58983984
Peak_82754	59013723
Peak_20481	59020250
Peak_11766	59020897
Peak_37370	59044789
Peak_75592	59053072
Peak_74002	59056953
Peak_20199	59063029
Peak_82757	59071966
Peak_68237	59151138
Peak_141815	59152158
Peak_100274	59204562
Peak_82758	59295573
Peak_24554	59296192
Peak_24463	59316812
Peak_49264	59317981
Peak_86415	59393172
Peak_62944	59394233
Peak_63945	59423772
Peak_27416	59544082
Peak_25088	59597316
Peak_15023	59674308
Peak_27066	59703679
Peak_21007	59704474
Peak_30692	59707120
Peak_6657	59733071
Peak_149584	59739074
Peak_44412	59744756
Peak_31551	59769040
Peak_47324	60573782
Peak_10100	60923914
Peak_50395	60924662
Peak_95135	61042999
Peak_11699	61055826
Peak_89942	61076899
Peak_25012	61080040
Peak_72169	61080738
Peak_33903	61081573
Peak_43917	61121368
Peak_41744	61132484
Peak_36334	61143866
Peak_68990	61158190
Peak_102658	61170238
Peak_21061	61173822
Peak_50718	61182474
Peak_7253	61183684
Peak_13459	61186023
Peak_25260	61187914
Peak_37623	61193802
Peak_38155	61228095
Peak_35224	61255353
Peak_70998	61256003
Peak_53305	61299391
Peak_53748	61300589
Peak_13904	61301785
Peak_102118	61319242
Peak_21991	61320373
Peak_10583	61338235
Peak_45380	61436597
Peak_110722	61444296
Peak_3452	61451467
Peak_89158	61453295
Peak_60030	61638623
Peak_58188	61639642
Peak_23161	61641867
Peak_21568	61642614
Peak_25065	61724664
Peak_60031	61741919
Peak_110723	61744252
Peak_82776	62068793
Peak_123715	62384893
Peak_41883	62386186
Peak_25551	62435675
Peak_57038	62438533
Peak_17606	62687138
Peak_45381	62691688
Peak_74774	62721833
Peak_52837	62726209
Peak_34317	62785876
Peak_27442	63367346
Peak_33481	63524768
Peak_79790	63593210
Peak_63248	63675475
Peak_29438	63692939
Peak_43495	63699414
Peak_17821	63704981
Peak_26825	63776866
Peak_33681	63815209
Peak_15126	63818446
Peak_141818	63830501
Peak_72711	63893471
Peak_26990	63914540
Peak_15128	63919422
Peak_10862	63921569
Peak_36341	63929677
Peak_51563	63981738
Peak_11975	63985015
Peak_70361	64020479
Peak_12603	64039695
Peak_15013	64047044
Peak_11976	64074054
Peak_96584	64172444
Peak_42974	64173900
Peak_13908	64477562
Peak_60040	64506625
Peak_28400	64516588
Peak_31440	64537029
Peak_5769	64540005
Peak_99510	64541654
Peak_70363	64687775
Peak_18025	64897364
Peak_8741	64898982
Peak_37844	64916049
Peak_3388	64918575
Peak_15606	64935397
Peak_22639	64965437
Peak_9801	65002469
Peak_41474	65004164
Peak_38093	65065636
Peak_50085	65147628
Peak_54861	65150241
Peak_41475	65154159
Peak_18957	65159955
Peak_21575	65174654
Peak_35545	65179045
Peak_35229	65255989
Peak_13709	65266284
Peak_12583	65424210
Peak_56733	65470698
Peak_100	66272664
Peak_36022	66301445
Peak_110172	66349951
Peak_62241	66446323
Peak_23849	66533431
Peak_26374	66534722
Peak_74780	66543653
Peak_62612	66563193
Peak_57374	66563817
Peak_16137	66924309
Peak_26828	66926749
Peak_49616	66929773
Peak_40590	66934031
Peak_33628	66935305
Peak_25552	66945247
Peak_42209	66981679
Peak_63802	66982628
Peak_21051	67002495
Peak_4806	67021322
Peak_36086	67052824
Peak_95143	67138811
Peak_68257	67140241
Peak_53751	67432000
Peak_19514	67572773
Peak_26378	67573818
Peak_50206	67618663
Peak_41240	67634130
Peak_42214	67647155
Peak_13913	67684759
Peak_30191	67687308
Peak_49359	67688257
Peak_1981	67714893
Peak_23207	67716184
Peak_99524	67722586
Peak_25206	67725780
Peak_5828	67737132
Peak_21894	67748094
Peak_85158	67750913
Peak_8432	67761114
Peak_63953	67767064
Peak_5931	67794404
Peak_28238	67815299
Peak_12622	67838885
Peak_29370	67840491
Peak_43578	67841372
Peak_10262	68146146
Peak_6411	68174255
Peak_42987	68175745
Peak_35560	68178665
Peak_84229	68188519
Peak_16838	68197951
Peak_74784	68198785
Peak_145403	68207967
Peak_136373	68213998
Peak_28331	68216952
Peak_58207	68218900
Peak_63696	68219609
Peak_33741	68222926
Peak_53131	68359150
Peak_17211	68496905
Peak_47717	70205026
Peak_10617	70207538
Peak_42993	70220927
Peak_31392	70222895
Peak_49621	70410514
Peak_147378	71047337
Peak_85275	71048201
Peak_19584	71080162
Peak_23244	74732016
Peak_4875	74734691
Peak_27002	75785656
Peak_34933	75789198
Peak_141380	75789633
Peak_13461	75791164
Peak_73743	76074420
Peak_77532	76155102
Peak_35515	76869109
Peak_20557	77606113
Peak_52510	77824443
Peak_81161	77833958
Peak_42241	77975973
Peak_26634	77977521
Peak_49642	78004217
Peak_52091	78047673
Peak_74445	78619869
Peak_82860	78621155
Peak_57219	78649654
Peak_9563	81681598
Peak_42071	81683240
Peak_16582	81878899
Peak_82870	84079167
Peak_57390	84258463
Peak_12116	84272506
Peak_19721	84302386
Peak_26639	84366415
Peak_43025	84407967
Peak_8668	84481592
Peak_8614	84504639
Peak_35735	84507619
Peak_117728	84573397
Peak_49210	84620173
Peak_71359	84698072
Peak_50787	84996931
Peak_9943	84998146
Peak_12740	85049127
Peak_24024	85224857
Peak_40060	85225767
Peak_80719	85226672
Peak_60970	85245391
Peak_11910	85258843
Peak_44338	85260702
Peak_25556	85263103
Peak_1884	85297753
Peak_28587	85298884
Peak_8526	85331102
Peak_18514	85408252
Peak_35446	85460514
Peak_138043	85461332
Peak_60971	85461734
Peak_44523	85465882
Peak_81166	85551341
Peak_19070	85578430
Peak_88632	85582315
Peak_97435	85583703
Peak_23851	85612018
Peak_7159	85628830
Peak_24723	85630340
Peak_35021	86156758
Peak_48768	86430715
Peak_79851	86503741
Peak_14357	86704047
Peak_62340	86709604
Peak_4258	86774421
Peak_62341	86793537
Peak_9805	86913393
Peak_28931	86916552
Peak_27586	87132588
Peak_21432	87334796
Peak_87564	87336403
Peak_61985	87337439
Peak_31819	87450281
Peak_49654	87686613
Peak_71360	87805423
Peak_99241	87806174
Peak_69469	87853521
Peak_92266	88463382
Peak_6264	88686498
Peak_14594	88731755
Peak_6653	88890686
Peak_17394	88986855
Peak_25120	89023407
Peak_31898	89129654
Peak_7207	89263076
Peak_36951	89287917
Peak_21998	89310739
Peak_57189	89311498
Peak_52111	89526367
Peak_34697	89552600
Peak_59297	89553367
Peak_131077	89567310
Peak_52871	89725814
Peak_69655	89843188
Peak_8434	91023005
Peak_13671	91501924
Peak_104013	91570478
Peak_29942	91733340
Peak_143092	91733923
Peak_43041	91737729
Peak_82899	91745593
Peak_26853	91750956
Peak_68307	91752622
Peak_139460	91754826
Peak_50098	91800012
Peak_67198	91804709
Peak_22185	91831139
Peak_16591	91846807
Peak_36957	91852477
Peak_36958	91887069
Peak_34527	92300280
Peak_945	92487164
Peak_24471	92538187
Peak_105781	92805677
Peak_1352	92835726
Peak_77731	92952549
Peak_102426	92962605
Peak_114509	92981802
Peak_6159	93553026
Peak_30377	93554020
Peak_11789	93556504
Peak_15156	93581074
Peak_21113	93583268
Peak_5026	93591781
Peak_13516	93594328
Peak_36416	93601629
Peak_5751	93618807
Peak_150360	93639485
Peak_28365	93663505
Peak_61556	93665194
Peak_40061	93668786
Peak_32052	93671904
Peak_2936	93673722
Peak_10373	93680827
Peak_20740	93693446
Peak_364	93709545
Peak_20515	93846016
Peak_14358	93878495
Peak_41679	93908635
Peak_29253	93979870
Peak_27636	93980828
Peak_15750	94021871
Peak_43993	94046112
Peak_20455	94064762
Peak_11897	94071090
Peak_72830	94072223
Peak_50813	94094538
Peak_32802	94095767
Peak_54067	94248756
Peak_32805	94250260
Peak_50816	94253432
Peak_32806	94254447
Peak_102739	94310920
Peak_21304	94326404
Peak_64188	94384982
Peak_117758	94427480
Peak_10408	94429210
Peak_7085	94463755
Peak_85089	94464614
Peak_42718	94537637
Peak_43600	94538547
Peak_41690	94543415
Peak_35750	94545247
Peak_17214	94551233
Peak_44274	94552268
Peak_82923	94552936
Peak_67259	94563043
Peak_49053	94608973
Peak_43052	94612687
Peak_136433	94613495
Peak_39095	94622200
Peak_17887	94648315
Peak_110852	94649162
Peak_19122	94676650
Peak_61561	94677321
Peak_25041	94677897
Peak_23919	94679130
Peak_150363	94698835
Peak_31147	94702923
Peak_6490	94754890
Peak_33557	94783560
Peak_68314	94784544
Peak_24670	94801904
Peak_149281	94804169
Peak_67199	94820931
Peak_57688	94822909
Peak_69504	94824114
Peak_49663	94855650
Peak_9949	94864178
Peak_33964	94865858
Peak_10647	94867072
Peak_13518	94885047
Peak_83693	94900071
Peak_17295	94924664
Peak_13778	94930733
Peak_31150	94936967
Peak_59299	94938143
Peak_99575	94943310
Peak_60149	94950138
Peak_68316	94950612
Peak_37659	94972467
Peak_11414	95015171
Peak_81535	95022764
Peak_63135	95023998
Peak_35966	95072249
Peak_5040	95119075
Peak_52511	95233738
Peak_73559	95235108
Peak_148473	97278636
Peak_26645	97919582
Peak_31700	97921998
Peak_33587	99646497
Peak_60598	99648059
Peak_49666	99767419
Peak_46456	99972150
Peak_27681	99973234
Peak_57140	99986962
Peak_117376	100036977
Peak_147000	100040044
Peak_63358	100040843
Peak_68952	100132284
Peak_16787	100134856
Peak_20238	100249198
Peak_22054	100250676
Peak_12649	100267732
Peak_34164	100351244
Peak_28303	100354169
Peak_30161	100354750
Peak_81050	100356099
Peak_24226	100358528
Peak_130922	100439600
Peak_40707	100894506
Peak_34228	100898161
Peak_70105	101236231
Peak_41824	101238642
Peak_60572	103562030
Peak_16169	107058304
Peak_89710	107937274
Peak_16482	108052128
Peak_43388	108198972
Peak_64846	108559838
Peak_35619	108562308
Peak_25502	108586085
Peak_24319	108591804
Peak_20377	108592395
Peak_76525	108645903
Peak_23944	108691829
Peak_15033	108694863
Peak_51811	108830342
Peak_40439	108962657
Peak_10709	109075462
Peak_61257	109090348
Peak_20496	109093244
Peak_1500	109114349
Peak_20306	109134318
Peak_51319	109138264
Peak_9407	109149757
Peak_86700	109150535
Peak_50519	109152309
Peak_31613	109153190
Peak_51812	109158658
Peak_7544	109163073
Peak_10710	109180169
Peak_51813	109181317
Peak_38336	109182443
Peak_14094	109216907
Peak_4092	109242150
Peak_6283	109255225
Peak_15063	109275757
Peak_49452	109283024
Peak_74079	109299920
Peak_47588	109372295
Peak_40545	109383704
Peak_37555	109387176
Peak_29869	109389857
Peak_17576	109391964
Peak_8301	109394801
Peak_24517	109396351
Peak_48719	109397024
Peak_56656	109398859
Peak_56657	109425472
Peak_38337	109466478
Peak_64849	109467309
Peak_3267	109485544
Peak_1820	109495381
Peak_15377	109500467
Peak_63424	109501039
Peak_15378	109509317
Peak_28731	109547430
Peak_13860	109550394
Peak_12365	109619809
Peak_1997	109622624
Peak_87380	109655708
Peak_129585	109657018
Peak_36207	109667821
Peak_87381	109668831
Peak_37214	109739997
Peak_16124	109741186
Peak_31907	109764205
Peak_8616	109777619
Peak_5534	109784182
Peak_1637	109792875
Peak_28328	109794134
Peak_70108	109797944
Peak_87382	109803980
Peak_110331	109822919
Peak_14095	109825167
Peak_35155	109877663
Peak_38339	109896803
Peak_3457	109910584
Peak_7337	109914313
Peak_149142	109918000
Peak_3204	109929680
Peak_5975	109931750
Peak_7012	109935526
Peak_86919	109936300
Peak_39926	109961244
Peak_13688	109981272
Peak_26255	109984533
Peak_33399	109987184
Peak_11361	109995621
Peak_85425	109996858
Peak_5881	110003927
Peak_23987	110005272
Peak_12677	110036471
Peak_15379	110084528
Peak_26591	110209886
Peak_21768	110236037
Peak_95423	110337286
Peak_19616	110337732
Peak_418	110343252
Peak_26771	110406682
Peak_22583	110409035
Peak_59819	110426077
Peak_11939	110464422
Peak_2990	110465920
Peak_67877	110466555
Peak_69850	110479246
Peak_54208	110508903
Peak_18039	110607260
Peak_12535	110675690
Peak_40182	111110698
Peak_74636	111191935
Peak_59823	111193688
Peak_67183	111200701
Peak_5882	111202358
Peak_48006	111228945
Peak_63067	111446663
Peak_11368	111448469
Peak_17924	111453166
Peak_20443	111508048
Peak_114086	111509449
Peak_58015	111510245
Peak_16788	111516529
Peak_14959	111535693
Peak_62893	111577302
Peak_8535	111592909
Peak_9888	111594250
Peak_30579	111619337
Peak_47485	111622663
Peak_40574	111670045
Peak_64512	111673462
Peak_33442	111721710
Peak_72439	111722377
Peak_6285	111735015
Peak_50527	111738868
Peak_11716	111740582
Peak_30259	111757329
Peak_18733	111989492
Peak_76553	111992209
Peak_117394	112264695
Peak_74639	112265870
Peak_48486	112391936
Peak_87900	112394173
Peak_35159	112395875
Peak_48112	112397847
Peak_13812	112466191
Peak_36788	112509506
Peak_18439	112618334
Peak_41161	112622099
Peak_40709	112637777
Peak_5883	112700894
Peak_14099	112702622
Peak_22585	112704164
Peak_11719	112705220
Peak_19988	112706300
Peak_19618	112708120
Peak_37472	112716290
Peak_63854	112998889
Peak_11479	113072629
Peak_45616	113074630
Peak_82482	113200095
Peak_100008	113217749
Peak_32187	113246998
Peak_12683	113248295
Peak_31809	113320905
Peak_52746	113321350
Peak_38205	113430644
Peak_30991	113456892
Peak_89728	113458086
Peak_75804	113684866
Peak_11450	113784599
Peak_105658	113879883
Peak_57851	113881998
Peak_40979	113888763
Peak_45620	113913466
Peak_50024	113928655
Peak_33704	113932183
Peak_13691	113947757
Peak_72451	113981225
Peak_86490	113982174
Peak_3592	113984291
Peak_16125	114346392
Peak_29545	114510046
Peak_15068	114580887
Peak_47660	114582509
Peak_34636	114671026
Peak_16790	114779983
Peak_40711	115063408
Peak_98620	115069245
Peak_42119	115070761
Peak_76580	115074084
Peak_91077	115085166
Peak_139296	115100353
Peak_103679	115338167
Peak_68095	115643496
Peak_29392	115656255
Peak_40712	115671973
Peak_35952	115679971
Peak_64914	116002961
Peak_20700	116168194
Peak_130932	116243931
Peak_24291	116312246
Peak_28263	116326390
Peak_44365	116330082
Peak_8720	116378006
Peak_12182	116382556
Peak_22587	116418347
Peak_69640	116419605
Peak_28651	116490353
Peak_17673	116496494
Peak_48974	116509081
Peak_50433	116570188
Peak_36791	116571952
Peak_35501	116667340
Peak_5977	116855115
Peak_2801	116879782
Peak_91088	116909954
Peak_18742	116911958
Peak_24088	117122889
Peak_45631	117233064
Peak_100012	117238601
Peak_21149	117365770
Peak_36793	117563772
Peak_81235	117571821
Peak_125418	117573009
Peak_22063	117591277
Peak_30992	117592804
Peak_17401	117610241
Peak_14315	117613801
Peak_20668	117614510
Peak_22064	117615697
Peak_8304	117617508
Peak_44665	117631431
Peak_38375	117632432
Peak_42806	117634206
Peak_24175	117654865
Peak_10662	117675156
Peak_7329	117931796
Peak_20344	119139983
Peak_20596	119631598
Peak_28913	119675627
Peak_64934	119714679
Peak_64935	119738185
Peak_14219	119767205
Peak_81626	119779803
Peak_2010	120180037
Peak_7978	145783135
Peak_40275	145785449
Peak_61288	145786355
Peak_8135	145825706
Peak_12685	145846312
Peak_3470	145858490
Peak_3471	145860781
Peak_120594	145871933
Peak_99384	145873340
Peak_103697	145887717
Peak_15402	145891164
Peak_2405	145893664
Peak_887	145918092
Peak_18750	145920316
Peak_16795	145926818
Peak_18751	145928406
Peak_68620	145955615
Peak_130936	145956593
Peak_30261	145959053
Peak_141766	145961422
Peak_69689	145962517
Peak_3932	145964282
Peak_114445	145965607
Peak_668	145979267
Peak_4007	145981520
Peak_5978	145984945
Peak_1533	145986848
Peak_17183	145993327
Peak_19484	145997944
Peak_2457	146000372
Peak_27161	146006800
Peak_36221	146036165
Peak_35631	146036998
Peak_81633	147085559
Peak_112620	147168044
Peak_10680	147171271
Peak_99386	147236547
Peak_14624	147238165
Peak_58673	147239324
Peak_19619	147242399
Peak_34856	147539133
Peak_31915	147540962
Peak_14220	147543575
Peak_60885	147669188
Peak_54294	148263491
Peak_13870	149846192
Peak_2951	149849935
Peak_29876	149885561
Peak_17328	149900846
Peak_8179	149927239
Peak_16127	149938713
Peak_14969	149940024
Peak_69962	149966220
Peak_34638	150017396
Peak_27162	150153526
Peak_22909	150155127
Peak_94469	150161243
Peak_5224	150163050
Peak_21412	150164020
Peak_29877	150166455
Peak_2996	150257051
Peak_61294	150259886
Peak_3881	150268283
Peak_102541	150281316
Peak_30557	150283454
Peak_26775	150293608
Peak_2012	150295123
Peak_34029	150322946
Peak_9650	150488556
Peak_27163	150508456
Peak_26595	150515212
Peak_11455	150516730
Peak_8676	150529586
Peak_70146	150532644
Peak_43713	150533221
Peak_12910	150548790
Peak_54297	150550945
Peak_10732	150553488
Peak_911	150561112
Peak_18	150568099
Peak_7414	150575925
Peak_58033	150580829
Peak_25486	150605240
Peak_32219	150610292
Peak_7562	150612390
Peak_1681	150615221
Peak_10076	150620940
Peak_41833	150621652
Peak_22067	150623413
Peak_2326	150628665
Peak_56364	150650951
Peak_72474	150654576
Peak_40716	150667917
Peak_5225	150875611
Peak_68106	150927644
Peak_588	150973828
Peak_59849	150975570
Peak_24961	150978749
Peak_33943	150979516
Peak_14907	150981927
Peak_68953	150982760
Peak_18579	151004701
Peak_109511	151005430
Peak_1367	151008152
Peak_84150	151009202
Peak_27164	151010315
Peak_4683	151013811
Peak_10387	151057717
Peak_4916	151058706
Peak_6714	151072073
Peak_42128	151132783
Peak_13813	151165083
Peak_895	151167477
Peak_71848	151188355
Peak_8539	151189446
Peak_17228	151198259
Peak_42129	151200979
Peak_19621	151256283
Peak_12911	151281216
Peak_2013	151284394
Peak_3342	151311625
Peak_11944	151315178
Peak_38208	151326959
Peak_13831	151328837
Peak_69690	151346507
Peak_38404	151348146
Peak_912	151371465
Peak_17580	151372152
Peak_18753	151373546
Peak_1322	151401651
Peak_45662	151457019
Peak_58035	151457980
Peak_64977	151510894
Peak_41834	151512245
Peak_10077	151540040
Peak_51845	151542990
Peak_4798	151548610
Peak_32220	151549643
Peak_36225	151611840
Peak_20273	151613884
Peak_2742	151620570
Peak_64978	151721025
Peak_10078	151722337
Peak_70147	151763113
Peak_29818	151764492
Peak_88256	151790259
Peak_10733	151792075
Peak_18754	151830526
Peak_22910	151832724
Peak_54300	151836540
Peak_76635	151837547
Peak_2459	151840638
Peak_113002	151908945
Peak_79601	151945161
Peak_90658	151946598
Peak_82502	151962102
Peak_101121	151972420
Peak_2952	151993141
Peak_8462	151994587
Peak_89120	152034747
Peak_89121	152035621
Peak_35169	152037665
Peak_7441	152048306
Peak_59851	152049332
Peak_51720	152189581
Peak_45663	153506877
Peak_76637	153516465
Peak_22393	153535482
Peak_14703	153537195
Peak_1973	153546607
Peak_7171	153550093
Peak_88507	153553982
Peak_136182	153554650
Peak_199	153568577
Peak_30263	153569096
Peak_1649	153611663
Peak_7980	153613636
Peak_13694	153617728
Peak_6297	153626972
Peak_15407	153633833
Peak_5227	153638270
Peak_5228	153649646
Peak_24089	153659644
Peak_31001	153660301
Peak_25380	153670536
Peak_83594	153672453
Peak_8803	153680204
Peak_129624	153698283
Peak_38405	153699280
Peak_79602	153730465
Peak_150296	153731377
Peak_20498	153751788
Peak_31916	153764946
Peak_10174	153768400
Peak_11726	153769926
Peak_30600	153770990
Peak_96306	153775280
Peak_7442	153778666
Peak_43810	153783421
Peak_8267	153882886
Peak_125437	153889326
Peak_63867	153922040
Peak_11558	153924467
Peak_17137	153945549
Peak_4286	153957868
Peak_6716	153959564
Peak_11945	153962838
Peak_119022	153964961
Peak_59141	153966617
Peak_9651	153976936
Peak_11240	153978690
Peak_20599	153985230
Peak_378	153993248
Peak_5229	154182286
Peak_1682	154219206
Peak_47663	154219883
Peak_83595	154222669
Peak_30264	154273833
Peak_67573	154325165
Peak_250	154328543
Peak_19622	154329619
Peak_38209	154335178
Peak_4260	154352723
Peak_16450	154355068
Peak_4228	154405177
Peak_3270	154409342
Peak_15408	154415260
Peak_10	154421930
Peak_7564	154425713
Peak_4684	154431139
Peak_53453	154432094
Peak_40189	154433713
Peak_58036	154435969
Peak_34270	154439669
Peak_18756	154502881
Peak_27167	154548978
Peak_1092	154558003
Peak_58037	154609275
Peak_34153	154627135
Peak_16329	154731200
Peak_9412	154936272
Peak_14105	154938685
Peak_1683	154942704
Peak_89750	154944994
Peak_9736	154955716
Peak_51360	154957907
Peak_16797	154961010
Peak_12915	154963584
Peak_5582	154973323
Peak_20823	154976326
Peak_71085	154977069
Peak_11241	154982986
Peak_30601	154984453
Peak_5649	155000525
Peak_913	155009278
Peak_27169	155009796
Peak_6077	155014136
Peak_26269	155017485
Peak_5900	155018595
Peak_59852	155044980
Peak_45667	155045515
Peak_25987	155050949
Peak_38408	155053573
Peak_2617	155063672
Peak_1684	155071737
Peak_546	155084863
Peak_9837	155086619
Peak_45014	155094405
Peak_45668	155106022
Peak_96308	155125684
Peak_5230	155127424
Peak_35633	155128749
Peak_32222	155130123
Peak_67574	155130716
Peak_32223	155132400
Peak_6298	155135168
Peak_10734	155139447
Peak_5231	155168087
Peak_7462	155172751
Peak_26270	155174912
Peak_45669	155176490
Peak_697	155177707
Peak_38409	155178662
Peak_25628	155187559
Peak_27170	155193293
Peak_2997	155194704
Peak_10735	155196029
Peak_29397	155208537
Peak_21864	155210223
Peak_18044	155226968
Peak_49474	155228522
Peak_27171	155240878
Peak_25629	155241767
Peak_53262	155244000
Peak_12289	155245634
Peak_571	155255177
Peak_14763	155256437
Peak_5901	155261871
Peak_21413	155262992
Peak_2678	155272861
Peak_11242	155278521
Peak_53713	155308284
Peak_7037	155310932
Peak_22915	155320658
Peak_79603	155321679
Peak_56670	155322483
Peak_24380	155326311
Peak_24017	155380910
Peak_35634	155392676
Peak_48977	155565468
Peak_15409	155652095
Peak_33944	155690949
Peak_40237	155695161
Peak_34487	155745278
Peak_14960	155856818
Peak_63758	155860363
Peak_17155	155909827
Peak_11626	155933858
Peak_64984	155939002
Peak_21321	155940801
Peak_28863	155941492
Peak_142138	155962159
Peak_9893	155963485
Peak_589	155970555
Peak_38410	155971455
Peak_51848	155972712
Peak_21231	155976289
Peak_26271	155977666
Peak_3203	155981418
Peak_40717	155982244
Peak_35954	155983234
Peak_51849	155984893
Peak_45673	156002006
Peak_91172	156005606
Peak_91173	156007200
Peak_61945	156020425
Peak_41425	156021490
Peak_6299	156056647
Peak_4685	156082460
Peak_8967	156083864
Peak_8310	156097577
Peak_63	156106347
Peak_40718	156107600
Peak_68110	156114501
Peak_15	156130885
Peak_35171	156161040
Peak_24381	156162308
Peak_22916	156163341
Peak_82506	156193491
Peak_19992	156195180
Peak_10527	156214716
Peak_18757	156218106
Peak_31917	156218643
Peak_5536	156282100
Peak_48124	156284165
Peak_45676	156291264
Peak_1802	156295376
Peak_8075	156337695
Peak_36226	156456503
Peak_136188	156462801
Peak_14251	156467162
Peak_113003	156471073
Peak_8540	156473402
Peak_15411	156474597
Peak_2863	156478556
Peak_87402	156481401
Peak_513	156498944
Peak_870	156502993
Peak_3222	156505033
Peak_7262	156505956
Peak_49238	156508507
Peak_12220	156509729
Peak_19485	156572946
Peak_19993	156591587
Peak_17582	156600829
Peak_8076	156602429
Peak_64987	156616987
Peak_12051	156660436
Peak_37222	156662353
Peak_50278	156663159
Peak_16330	156664951
Peak_22919	156666075
Peak_14704	156676885
Peak_43531	156677920
Peak_251	156706997
Peak_4029	156727932
Peak_97730	156729876
Peak_8969	156742213
Peak_3465	156747151
Peak_1327	156750392
Peak_8541	156753216
Peak_7565	156813918
Peak_21495	156814695
Peak_25267	156893218
Peak_1622	157137472
Peak_18758	157155035
Peak_9794	157156576
Peak_64989	157240684
Peak_32228	157992734
Peak_18759	158003106
Peak_80302	158004342
Peak_41172	158010262
Peak_26272	158012318
Peak_32229	158020429
Peak_62537	158150615
Peak_20704	159868507
Peak_57774	159890762
Peak_15417	159900826
Peak_45680	159901435
Peak_13871	159913072
Peak_35637	159917978
Peak_58042	159918678
Peak_3000	159923444
Peak_8970	159926619
Peak_114091	159937940
Peak_12917	160097851
Peak_4868	160101843
Peak_43812	160205182
Peak_83598	160206437
Peak_13872	160218780
Peak_64508	160261371
Peak_58043	160284555
Peak_50548	160285775
Peak_42819	160315459
Peak_21498	160344612
Peak_15420	160376679
Peak_18761	160402252
Peak_37223	160540157
Peak_8606	160542185
Peak_83948	160907514
Peak_51744	160998035
Peak_11243	161013797
Peak_4686	161014977
Peak_32231	161016731
Peak_15075	161019519
Peak_43813	161038478
Peak_22396	161044817
Peak_29398	161047076
Peak_45685	161084271
Peak_45686	161085595
Peak_58044	161086551
Peak_12921	161097681
Peak_37424	161117492
Peak_159	161120384
Peak_74661	161131883
Peak_18046	161134546
Peak_30166	161155194
Peak_7264	161159269
Peak_11559	161161656
Peak_41173	161165831
Peak_57254	161167726
Peak_139961	161173803
Peak_3196	161177162
Peak_25988	161178650
Peak_95833	161198752
Peak_1954	161201960
Peak_10166	161204135
Peak_58681	161209850
Peak_35172	161225717
Peak_18764	161227111
Peak_48790	161306845
Peak_75271	161313841
Peak_20600	161315558
Peak_113006	161383048
Peak_47859	161726416
Peak_17404	161751305
Peak_81398	161765228
Peak_49477	161768446
Peak_38424	162023741
Peak_89757	162069432
Peak_18048	162168932
Peak_14764	162193766
Peak_25631	162194711
Peak_16799	162198350
Peak_40664	162200582
Peak_14926	162207513
Peak_16800	162208630
Peak_12437	162213644
Peak_30270	162215553
Peak_36229	162284457
Peak_34963	162285312
Peak_34030	162286027
Peak_37842	162560919
Peak_25103	162572602
Peak_12073	162613817
Peak_29186	162626815
Peak_63364	162631860
Peak_28674	162698128
Peak_61309	162709426
Peak_28737	162710625
Peak_81638	162711234
Peak_67325	162713168
Peak_36230	162732833
Peak_73633	162874252
Peak_53715	162905519
Peak_127826	163166947
Peak_35173	163321463
Peak_25182	164558242
Peak_43485	164576083
Peak_14051	164590738
Peak_38210	164603911
Peak_14582	164613915
Peak_8439	164636119
Peak_49480	164637229
Peak_10081	164639469
Peak_31411	164640554
Peak_41175	164641812
Peak_129635	164645533
Peak_73985	164649168
Peak_26748	164651900
Peak_14041	164661572
Peak_10579	164708473
Peak_8897	164713600
Peak_15427	164748208
Peak_34272	164749112
Peak_85472	164755612
Peak_30605	164767441
Peak_11244	164773104
Peak_9896	164776018
Peak_24293	164781888
Peak_11561	164786699
Peak_28624	164787372
Peak_29400	165376807
Peak_101569	165425402
Peak_30527	165445522
Peak_48434	165598992
Peak_40451	165633810
Peak_20211	165638642
Peak_99127	165646003
Peak_35175	165697905
Peak_25085	165827218
Peak_44741	165830176
Peak_6983	165885702
Peak_131389	165886798
Peak_21865	165900794
Peak_68115	165901729
Peak_31007	165910837
Peak_3610	165912413
Peak_38434	165915413
Peak_25342	166839167
Peak_90526	166841892
Peak_14227	166844711
Peak_22749	166875715
Peak_23949	167121971
Peak_16331	167224111
Peak_7130	167298920
Peak_28738	167454847
Peak_7173	167601266
Peak_22944	167602320
Peak_44670	167630561
Peak_91233	167642069
Peak_32249	167661892
Peak_61315	167662942
Peak_32250	167681665
Peak_106538	167684630
Peak_7577	167698616
Peak_53264	167724602
Peak_35989	167753188
Peak_41592	167754037
Peak_18336	167757541
Peak_40190	167796811
Peak_31008	167820103
Peak_123438	167820936
Peak_45708	167899905
Peak_61318	167912936
Peak_24523	167914506
Peak_60889	167915695
Peak_86561	167933337
Peak_79616	167934488
Peak_68118	167938755
Peak_98636	168122241
Peak_18778	168136297
Peak_6671	168180675
Peak_16174	168228992
Peak_41177	168229915
Peak_17191	168236263
Peak_2369	168244170
Peak_20246	168485787
Peak_5565	168499519
Peak_37473	168689896
Peak_57241	168690954
Peak_63305	168694229
Peak_49483	168709363
Peak_38179	168709941
Peak_136201	168834712
Peak_101574	168842693
Peak_40720	168846123
Peak_29637	168907935
Peak_73636	168908356
Peak_13759	168921926
Peak_25994	168946450
Peak_40033	168973314
Peak_35956	169102000
Peak_64220	169104436
Peak_60723	169105261
Peak_59070	169105845
Peak_40453	169114678
Peak_5171	169118714
Peak_26963	169119204
Peak_79618	169121812
Peak_70160	169124671
Peak_34031	169161189
Peak_102070	169367315
Peak_29551	169369737
Peak_89765	169484219
Peak_16729	169487488
Peak_28951	169509534
Peak_24669	169892771
Peak_26280	170534336
Peak_103720	170662870
Peak_16494	170665148
Peak_56563	171123581
Peak_17134	171141973
Peak_44409	171143015
Peak_114454	171143644
Peak_139311	171189857
Peak_41685	171220883
Peak_63873	171223479
Peak_103721	171315047
Peak_57304	171484950
Peak_14319	171488810
Peak_28952	171489395
Peak_27196	171645839
Peak_99396	171656346
Peak_42555	171741348
Peak_20415	171743942
Peak_5827	171783789
Peak_31010	172169067
Peak_43823	172180234
Peak_14253	172180995
Peak_36236	172182899
Peak_117441	172287511
Peak_18782	172322268
Peak_12054	172359730
Peak_40721	172361411
Peak_30272	172451063
Peak_20444	172531846
Peak_12616	172535540
Peak_4869	172746483
Peak_53459	172747233
Peak_44446	172827304
Peak_12857	172934783
Peak_10056	173052859
Peak_35390	173123027
Peak_8895	173191261
Peak_25184	173430978
Peak_31627	173453100
Peak_25185	173474386
Peak_19632	173480619
Peak_61325	173714869
Peak_15077	173824027
Peak_24360	173853705
Peak_19633	173865234
Peak_20550	173867125
Peak_98912	173926562
Peak_64173	174020840
Peak_21505	174023634
Peak_37228	174160831
Peak_10302	174799648
Peak_89771	174894324
Peak_31868	174954972
Peak_24384	174964019
Peak_7983	174966214
Peak_18452	174967134
Peak_59037	174967952
Peak_80914	174968694
Peak_18580	174972208
Peak_25259	174990532
Peak_80312	175022520
Peak_15436	175130574
Peak_34274	175191843
Peak_42687	175201469
Peak_50283	175319786
Peak_8195	176206188
Peak_56676	176208545
Peak_76728	176692537
Peak_27207	177818892
Peak_48762	177872911
Peak_74673	178038894
Peak_45727	178057204
Peak_125453	178127950
Peak_34275	178542265
Peak_3616	178543763
Peak_42023	178872641
Peak_65064	178935097
Peak_36812	178939031
Peak_82058	179017975
Peak_54377	179025507
Peak_40723	179027399
Peak_16128	179081675
Peak_3617	179083741
Peak_49489	179129790
Peak_43536	179130587
Peak_58543	179143304
Peak_30528	179176255
Peak_54378	179218658
Peak_79630	179228983
Peak_48008	179289631
Peak_151566	179293434
Peak_58052	179295835
Peak_88849	179365418
Peak_48982	179586999
Peak_17970	179876565
Peak_69991	179877179
Peak_28864	179881098
Peak_33893	179969740
Peak_59866	179971983
Peak_29617	180157666
Peak_14961	180159831
Peak_1879	180170587
Peak_6719	180174826
Peak_45475	180503989
Peak_117450	180912555
Peak_61333	180927400
Peak_29884	181033761
Peak_68126	181035252
Peak_44955	181096140
Peak_21774	181104840
Peak_29402	181135324
Peak_65068	181136483
Peak_71538	181142617
Peak_74675	181152294
Peak_14454	181152816
Peak_18581	181153943
Peak_103733	182029333
Peak_41617	182030518
Peak_144749	182114744
Peak_63365	182120935
Peak_96350	182122655
Peak_88359	182130561
Peak_31362	182138057
Peak_150	182145979
Peak_113016	182146669
Peak_42843	182147381
Peak_26282	182175044
Peak_42141	182186836
Peak_20500	182197866
Peak_25385	182200311
Peak_105098	182201657
Peak_82537	182207122
Peak_17168	182259868
Peak_82060	182290340
Peak_25003	182291923
Peak_41068	182293748
Peak_63878	182305163
Peak_25487	182315980
Peak_57307	182317108
Peak_63879	182350107
Peak_25997	182384848
Peak_12546	182388687
Peak_89128	182393191
Peak_43831	182394649
Peak_57308	182589944
Peak_22959	182604320
Peak_20826	182614970
Peak_19999	182616785
Peak_25641	182838951
Peak_5805	182842280
Peak_69221	182963263
Peak_45305	183022336
Peak_105040	183026901
Peak_147321	183028206
Peak_63016	183030609
Peak_52762	183041007
Peak_24527	183060636
Peak_18057	183073754
Peak_81343	183088546
Peak_8137	183091839
Peak_21324	183098846
Peak_30615	183140122
Peak_31847	183180909
Peak_36707	183181383
Peak_72503	183186211
Peak_6973	183234779
Peak_42844	183236100
Peak_150993	183282212
Peak_9657	183318560
Peak_17284	183474069
Peak_48132	183631931
Peak_41717	183633583
Peak_54016	183634828
Peak_22079	183873459
Peak_18440	183877405
Peak_57309	183878057
Peak_71352	184037766
Peak_13879	184051320
Peak_59240	184052904
Peak_61162	184151927
Peak_49491	184284944
Peak_79491	184298950
Peak_100066	184330590
Peak_17482	184484341
Peak_20274	184485219
Peak_53870	184486477
Peak_9635	184491900
Peak_43487	184590448
Peak_51869	184622272
Peak_36243	184623261
Peak_11249	184634665
Peak_63881	184744084
Peak_8837	184746895
Peak_43832	184753036
Peak_3371	184792524
Peak_12052	184794004
Peak_51870	184794574
Peak_24685	184811277
Peak_81650	184812446
Peak_73643	184836602
Peak_6720	184839490
Peak_13880	184862378
Peak_117452	184868118
Peak_74095	184882852
Peak_119036	184884039
Peak_62127	184891719
Peak_21122	184906976
Peak_75813	184947184
Peak_71539	185155543
Peak_34859	185314981
Peak_51363	185318787
Peak_96355	185535463
Peak_39888	185594373
Peak_44451	185646187
Peak_42057	185674978
Peak_19637	185734938
Peak_11544	186377242
Peak_40665	192531594
Peak_126215	192540118
Peak_59872	192559552
Peak_73496	192807211
Peak_4767	193058796
Peak_25386	193061644
Peak_13661	193104334
Peak_74432	193106268
Peak_62282	193112259
Peak_14766	193124954
Peak_59411	193260436
Peak_64330	193355768
Peak_99130	193418561
Peak_67999	196608938
Peak_10303	197146256
Peak_31015	197903673
Peak_42059	198158832
Peak_40456	198160874
Peak_45350	200040075
Peak_11395	200043300
Peak_58684	200243182
Peak_16502	200669227
Peak_56370	200671168
Peak_16176	200738681
Peak_2021	200874000
Peak_51875	200892152
Peak_38476	200893038
Peak_30620	200908243
Peak_69224	200909290
Peak_127862	201029141
Peak_15445	201115329
Peak_27212	201137399
Peak_18793	201138611
Peak_17232	201153970
Peak_4203	201155187
Peak_38478	201170615
Peak_40727	201171789
Peak_18794	201396850
Peak_22969	201400439
Peak_125463	201448674
Peak_50575	201451324
Peak_32282	201456413
Peak_45743	201456976
Peak_7984	201462608
Peak_34643	201463288
Peak_76756	201466512
Peak_32283	201467344
Peak_54393	201469152
Peak_15446	201469891
Peak_85489	201480622
Peak_3427	201482589
Peak_79639	201489173
Peak_10176	201491215
Peak_528	201494845
Peak_14584	201495908
Peak_62109	201497154
Peak_59879	201499633
Peak_16987	201500894
Peak_18584	201503109
Peak_80320	201504462
Peak_11562	201506478
Peak_10442	201508251
Peak_878	201513070
Peak_40728	201536789
Peak_31633	201538820
Peak_27213	201540474
Peak_37881	201593366
Peak_45023	201598827
Peak_91306	201648181
Peak_8679	201650048
Peak_4370	201651070
Peak_7458	201676993
Peak_20917	201678907
Peak_45745	201687194
Peak_21513	201696894
Peak_64557	201704227
Peak_1908	201714639
Peak_22755	201715956
Peak_26785	201719813
Peak_139983	201721886
Peak_63885	201739625
Peak_45746	201741456
Peak_65099	201780377
Peak_28353	201791952
Peak_48135	201793045
Peak_56681	201830515
Peak_16332	201888502
Peak_7587	201889950
Peak_45747	201903901
Peak_50577	201906816
Peak_32285	201916646
Peak_69225	201917469
Peak_22970	201919227
Peak_57673	201948076
Peak_30621	201957259
Peak_11362	201984486
Peak_59880	202008180
Peak_91308	202016018
Peak_45748	202023149
Peak_13662	202034800
Peak_25644	202046332
Peak_54398	202047171
Peak_85490	202058207
Peak_54399	202058748
Peak_18795	202076055
Peak_30622	202086406
Peak_22971	202087615
Peak_45750	202107313
Peak_22972	202109582
Peak_9420	202113978
Peak_32286	202114651
Peak_3619	202133462
Peak_9900	202143540
Peak_59482	202145766
Peak_113026	202411101
Peak_129660	202520073
Peak_45752	202554693
Peak_41434	202566427
Peak_70184	202579876
Peak_10443	202587349
Peak_40191	202590022
Peak_52767	202806723
Peak_16177	202889792
Peak_44453	202954532
Peak_12530	202956192
Peak_68957	202957482
Peak_25999	202959361
Peak_31017	202965091
Peak_18060	202966778
Peak_11252	202968676
Peak_85199	203006570
Peak_8138	203009149
Peak_1112	203027751
Peak_45754	203201136
Peak_2618	203274798
Peak_1371	203279951
Peak_15447	203281809
Peak_10757	203283607
Peak_6944	203288551
Peak_3855	203290588
Peak_5084	203291842
Peak_36249	203305154
Peak_29554	203309944
Peak_26000	203318414
Peak_520	203327258
Peak_28561	203329368
Peak_58570	203336209
Peak_135891	203346916
Peak_26289	203350355
Peak_27217	203351117
Peak_47899	203406744
Peak_9000	203409151
Peak_139986	203465379
Peak_130953	203465884
Peak_56682	203467326
Peak_22975	203475653
Peak_29403	203482084
Peak_36818	203507993
Peak_22401	203513958
Peak_65107	203535785
Peak_21514	203538216
Peak_26001	203539159
Peak_15448	203556732
Peak_49500	203559559
Peak_85493	203606443
Peak_39933	203626580
Peak_45756	203629124
Peak_51877	203629659
Peak_40729	203632009
Peak_113027	203636780
Peak_26290	203638880
Peak_21282	203644396
Peak_2361	203651148
Peak_7986	203651930
Peak_15080	203664056
Peak_59881	203667336
Peak_7588	203668745
Peak_53463	203671210
Peak_10758	203672367
Peak_2370	203675564
Peak_430	203694738
Peak_31417	203696157
Peak_45757	203770252
Peak_25186	203797779
Peak_144750	203860967
Peak_18395	203863397
Peak_96364	204072974
Peak_135892	204076334
Peak_3878	204081159
Peak_96365	204082572
Peak_14112	204085472
Peak_40617	204086796
Peak_21866	204088967
Peak_54405	204090360
Peak_15449	204094330
Peak_76764	204095745
Peak_2699	204104955
Peak_40730	204127681
Peak_22976	204129585
Peak_65109	204151868
Peak_11253	204152764
Peak_38482	204190747
Peak_43838	204191589
Peak_22977	204195058
Peak_37367	204214503
Peak_18797	204226463
Peak_74683	204227300
Peak_83604	204262215
Peak_2658	204266619
Peak_42852	204267186
Peak_4372	204268202
Peak_30623	204277370
Peak_24041	204279422
Peak_6721	204285926
Peak_49501	204287001
Peak_42853	204288113
Peak_42656	204289772
Peak_1816	204297198
Peak_14208	204321290
Peak_54406	204333069
Peak_12951	204349153
Peak_36819	204351692
Peak_40403	204359028
Peak_253	204363648
Peak_12226	204379110
Peak_82557	204383288
Peak_21515	204413110
Peak_40666	204416941
Peak_35181	204418092
Peak_86546	204419195
Peak_63441	204436121
Peak_41435	204439914
Peak_36820	204450272
Peak_26002	204451840
Peak_45759	204461447
Peak_34644	204462463
Peak_9583	204464878
Peak_74684	204465546
Peak_21516	204467276
Peak_1955	204483023
Peak_22402	204493458
Peak_59883	204496061
Peak_70186	204505040
Peak_19857	204506236
Peak_33516	204508170
Peak_6817	204519176
Peak_50580	204541646
Peak_54410	204829171
Peak_87999	204880193
Peak_52604	205123207
Peak_120747	205175614
Peak_26599	205210744
Peak_53721	205212332
Peak_15451	205230043
Peak_22979	205285654
Peak_15452	205294386
Peak_22980	205302210
Peak_12148	205314535
Peak_5907	205319659
Peak_27220	205321230
Peak_24687	205322213
Peak_51512	205354932
Peak_34819	205366787
Peak_59885	205442242
Peak_36821	205445832
Peak_75816	205478646
Peak_19487	205493667
Peak_11951	205506444
Peak_54414	205543661
Peak_15453	205544320
Peak_76771	205568839
Peak_21517	205569759
Peak_18799	205576136
Peak_96366	205583042
Peak_65115	205592829
Peak_21232	205599372
Peak_16179	205630992
Peak_41183	205633089
Peak_45763	205666795
Peak_12093	205679875
Peak_95078	205774610
Peak_36822	205801628
Peak_22981	205802448
Peak_6186	205812215
Peak_20212	205814889
Peak_65117	205852780
Peak_65118	205943907
Peak_12952	206002532
Peak_20248	206004291
Peak_85333	206005408
Peak_72516	206006326
Peak_53464	206024873
Peak_42061	206025364
Peak_32074	206025939
Peak_32292	206118199
Peak_73646	206430284
Peak_26292	206470370
Peak_18800	206472451
Peak_9001	206496020
Peak_59887	206501574
Peak_22982	206502246
Peak_29405	206504169
Peak_50038	206509058
Peak_8123	206514790
Peak_126219	206522207
Peak_9002	206540572
Peak_42854	206541202
Peak_24385	206558770
Peak_17064	206559762
Peak_5810	206560646
Peak_18801	206575740
Peak_85129	206611897
Peak_7267	206635384
Peak_18802	206659623
Peak_53268	206660457
Peak_5050	206675604
Peak_2922	206695158
Peak_2762	206701515
Peak_1600	206708127
Peak_79643	206712745
Peak_16443	206715449
Peak_33605	206718351
Peak_3574	206724293
Peak_58057	206724853
Peak_10167	206910282
Peak_37569	206922699
Peak_110445	206940248
Peak_6976	206941817
Peak_20003	206954343
Peak_126220	206956075
Peak_21518	207003675
Peak_15455	207005361
Peak_82560	207006652
Peak_34168	207009348
Peak_133026	207011517
Peak_21519	207023355
Peak_5655	207027012
Peak_72517	207028007
Peak_36824	207034162
Peak_42855	207050087
Peak_29093	207052714
Peak_99275	207054818
Peak_145316	207055371
Peak_54422	207064747
Peak_32293	207065492
Peak_88080	207088490
Peak_42856	207090246
Peak_117460	207282903
Peak_124688	207309871
Peak_37570	207310510
Peak_68813	207316987
Peak_48497	207317723
Peak_24091	207750904
Peak_51364	207756174
Peak_355	207818161
Peak_10085	207820402
Peak_30276	207821972
Peak_5848	207829167
Peak_16504	207832442
Peak_42144	207833155
Peak_2783	207839573
Peak_21520	207850233
Peak_51879	207854365
Peak_12692	207862317
Peak_2200	207868286
Peak_6204	207869933
Peak_28310	207870610
Peak_40731	207874195
Peak_31636	207885091
Peak_18482	207891576
Peak_65122	207908897
Peak_15457	207911434
Peak_110447	207918723
Peak_96368	207923106
Peak_5802	207959017
Peak_9422	207960541
Peak_9902	207963545
Peak_29771	207965076
Peak_18803	208031265
Peak_32294	208047651
Peak_11563	208151937
Peak_21521	208154871
Peak_5019	208161911
Peak_51262	208162643
Peak_20827	208178917
Peak_10580	208180528
Peak_34281	208181426
Peak_36825	208185112
Peak_4899	208202241
Peak_8318	208204709
Peak_7008	208207662
Peak_35182	208209163
Peak_14768	208221862
Peak_3834	208229347
Peak_4917	208232937
Peak_542	208238187
Peak_10086	208241791
Peak_42145	208242819
Peak_138517	208243492
Peak_2463	208245857
Peak_31921	209642030
Peak_33716	209649514
Peak_68131	209650271
Peak_22362	209651382
Peak_30277	209652051
Peak_33979	209653141
Peak_38493	209654098
Peak_22984	209655199
Peak_7222	209674644
Peak_34646	209675262
Peak_18804	209769382
Peak_110450	209770992
Peak_49241	209785280
Peak_10652	209787721
Peak_70188	209788573
Peak_14630	209792052
Peak_70189	209803174
Peak_88523	209804015
Peak_45769	210232665
Peak_32296	210233580
Peak_19858	210234684
Peak_114916	210237917
Peak_143612	210252597
Peak_80857	210253289
Peak_12954	210263164
Peak_16129	210292660
Peak_49199	210311860
Peak_24294	210328779
Peak_35651	210330184
Peak_20195	211258083
Peak_4855	211261713
Peak_32302	211328711
Peak_68136	211329329
Peak_17588	211331634
Peak_1347	211336057
Peak_95855	211382430
Peak_89791	211515415
Peak_82572	211577640
Peak_94888	211580562
Peak_63887	211644261
Peak_42147	211675652
Peak_105307	211831939
Peak_61349	211929739
Peak_20407	211939842
Peak_22088	212036594
Peak_54452	212202937
Peak_15283	212219228
Peak_110468	212230187
Peak_17082	212236755
Peak_11954	212239655
Peak_40736	212243101
Peak_94120	212261920
Peak_24688	212432318
Peak_57120	212434440
Peak_85520	212486276
Peak_59894	212489259
Peak_15473	212559619
Peak_34897	212566747
Peak_63890	212607948
Peak_10393	212699671
Peak_48145	212701329
Peak_147535	212793043
Peak_54469	212833243
Peak_9019	212860282
Peak_22405	213015001
Peak_43544	213123832
Peak_47939	213124218
Peak_44889	213988848
Peak_26733	213989892
Peak_36829	214329892
Peak_73400	214331461
Peak_62287	214447633
Peak_49508	214467095
Peak_50599	214477328
Peak_30129	214507009
Peak_26010	214518023
Peak_70963	214546966
Peak_35993	214550525
Peak_20831	215566990
Peak_57867	215569458
Peak_69702	215570233
Peak_57741	215583288
Peak_48834	215637672
Peak_16717	216765606
Peak_61364	216903465
Peak_54480	217089608
Peak_6331	218286674
Peak_43391	218345394
Peak_45243	218364842
Peak_29785	218375397
Peak_35659	218460834
Peak_27065	218480736
Peak_114098	218481744
Peak_57185	219173707
Peak_18585	219175686
Peak_34290	220047319
Peak_53728	220093844
Peak_17407	220095442
Peak_74107	220273315
Peak_40291	220732977
Peak_51520	220761688
Peak_41026	220763016
Peak_30633	220879625
Peak_99133	221709900
Peak_22092	221715554
Peak_17209	221740852
Peak_24236	222590911
Peak_34291	222619797
Peak_63892	222643700
Peak_30634	222645454
Peak_74333	222711312
Peak_87432	222814851
Peak_20920	222816653
Peak_33897	222928339
Peak_32333	223115520
Peak_120835	223142906
Peak_20381	223144208
Peak_38537	223178532
Peak_72543	223180786
Peak_9027	223181466
Peak_74703	223344860
Peak_54486	223666388
Peak_20213	223700894
Peak_67932	223701867
Peak_75827	223705469
Peak_5130	223708676
Peak_23898	223710583
Peak_69233	223711258
Peak_8269	223717543
Peak_9905	223722212
Peak_79260	223723425
Peak_669	223728218
Peak_2679	223734685
Peak_10547	223737617
Peak_74704	223738519
Peak_11955	223740256
Peak_123502	223741328
Peak_1286	223748325
Peak_10290	223749204
Peak_60828	223749717
Peak_6083	223772800
Peak_41726	223776065
Peak_35534	223833119
Peak_144755	223835977
Peak_18396	223844629
Peak_30635	223847392
Peak_17593	224116242
Peak_54487	224182422
Peak_15477	224185093
Peak_10768	224206108
Peak_49201	224212855
Peak_21002	224329494
Peak_37582	224331240
Peak_15085	224359116
Peak_16805	224432217
Peak_68153	224432955
Peak_6136	224436105
Peak_16512	224457738
Peak_14770	224499395
Peak_1824	224504907
Peak_15478	224623535
Peak_18823	224639401
Peak_22758	224640096
Peak_82072	225414325
Peak_11920	225424351
Peak_30171	225424862
Peak_28742	225426385
Peak_60908	225429180
Peak_17594	225442660
Peak_31029	225443813
Peak_15479	225444949
Peak_2270	225447650
Peak_15480	225454699
Peak_45804	225461427
Peak_63450	225462103
Peak_12665	225509610
Peak_99421	225602797
Peak_37368	225604482
Peak_72546	225604952
Peak_59902	225608071
Peak_74705	225613013
Peak_29803	225628783
Peak_50605	225655198
Peak_26305	225692070
Peak_41192	225694167
Peak_16336	225695630
Peak_89134	225735599
Peak_10306	225736787
Peak_12977	225746720
Peak_29409	225748081
Peak_38540	225756056
Peak_24926	225768452
Peak_7931	225772466
Peak_50389	225774399
Peak_12351	225779659
Peak_22409	225813527
Peak_38	225818917
Peak_10769	225821068
Peak_26306	225824463
Peak_12168	225827223
Peak_49202	225835252
Peak_38541	225849028
Peak_29555	225875474
Peak_2300	225881691
Peak_32335	225891235
Peak_91424	225892091
Peak_18824	225897110
Peak_54489	225897950
Peak_4646	225911878
Peak_27256	225920397
Peak_1693	225923678
Peak_36263	225998556
Peak_26790	226000526
Peak_69145	226003185
Peak_106735	226035247
Peak_79664	226061559
Peak_12185	226067035
Peak_24390	226083009
Peak_9906	226109861
Peak_7269	226111880
Peak_2468	226121502
Peak_18825	226124818
Peak_38544	226125802
Peak_21529	226128718
Peak_32336	226133203
Peak_10178	226134379
Peak_30286	226136393
Peak_10088	226182549
Peak_63080	226185508
Peak_54490	226350630
Peak_18586	226407378
Peak_12097	226548736
Peak_9659	226549590
Peak_37585	226550409
Peak_54492	226603830
Peak_43854	226604251
Peak_18485	226635502
Peak_84971	226645838
Peak_42149	226651194
Peak_43410	226667752
Peak_31031	226668925
Peak_125484	226672725
Peak_7409	226678191
Peak_28866	226679414
Peak_28389	226681255
Peak_28356	226682072
Peak_24296	226682868
Peak_69071	226683752
Peak_23936	226689009
Peak_58969	226689583
Peak_140012	226691706
Peak_79665	226692556
Peak_36833	226698387
Peak_7950	226703104
Peak_53042	226704277
Peak_42877	226709577
Peak_54493	226712782
Peak_85135	226725237
Peak_41193	226727935
Peak_67609	226734830
Peak_40149	226735484
Peak_56302	226821232
Peak_80920	226827349
Peak_24927	226870467
Peak_48835	226871520
Peak_110483	226883660
Peak_3275	226939154
Peak_10307	226944683
Peak_16730	226945473
Peak_1619	226947285
Peak_1324	226975773
Peak_79667	226981388
Peak_3221	226988580
Peak_1629	226989958
Peak_8322	226991051
Peak_71548	227299075
Peak_114099	227300512
Peak_59906	227308626
Peak_64673	227319675
Peak_59907	227321810
Peak_32339	227358104
Peak_10771	227430188
Peak_15086	227432479
Peak_5251	227564846
Peak_32340	227728312
Peak_7595	227730325
Peak_15481	227734785
Peak_36834	227748406
Peak_5131	227787564
Peak_35661	227789402
Peak_56687	227887939
Peak_1072	227947595
Peak_15087	227949488
Peak_11260	228061265
Peak_4790	228081944
Peak_283	228091744
Peak_25189	228102572
Peak_6141	228104124
Peak_6084	228108889
Peak_8141	228110762
Peak_4031	228143881
Peak_76847	228148819
Peak_56688	228150243
Peak_68157	228151916
Peak_35996	228163565
Peak_9584	228165179
Peak_15483	228213600
Peak_10772	228275668
Peak_4618	228405993
Peak_113046	228407909
Peak_48045	228459387
Peak_20921	228486446
Peak_920	228489609
Peak_7991	228831448
Peak_5252	228839527
Peak_21123	228862725
Peak_12978	228864854
Peak_20502	228904114
Peak_57546	228938744
Peak_37428	228964523
Peak_31926	228990295
Peak_79669	228991302
Peak_28566	229060255
Peak_144756	229070500
Peak_45808	229093496
Peak_35997	229109628
Peak_15484	229112049
Peak_37588	229113095
Peak_14481	229117381
Peak_59910	229124862
Peak_98032	229132507
Peak_45809	229165196
Peak_58697	229208075
Peak_16718	229209090
Peak_16337	229222392
Peak_14118	229229938
Peak_10394	229231339
Peak_14482	229270936
Peak_2791	229275469
Peak_65217	229343733
Peak_15088	229411326
Peak_9585	229559941
Peak_16807	229579696
Peak_94580	229582541
Peak_41195	229625122
Peak_63894	229627426
Peak_23016	230066655
Peak_12293	230069955
Peak_21873	230085340
Peak_79671	230086481
Peak_31032	230090747
Peak_72340	230101952
Peak_42152	230102750
Peak_1522	230104760
Peak_1607	230107425
Peak_48147	230113566
Peak_5656	230186958
Peak_52781	230191144
Peak_19491	230192392
Peak_16338	230206435
Peak_29804	230209607
Peak_57107	230210823
Peak_59913	230212406
Peak_97556	230216310
Peak_21530	230270661
Peak_20566	230573583
Peak_65221	230577138
Peak_32344	230643644
Peak_54501	230749356
Peak_45812	230749954
Peak_9426	230751427
Peak_13482	230752350
Peak_3629	230754263
Peak_15089	230825358
Peak_5253	230826864
Peak_1375	230851019
Peak_103787	230858949
Peak_31647	230862636
Peak_43547	230863186
Peak_33720	230864897
Peak_34977	230866553
Peak_8545	230869406
Peak_17267	230938913
Peak_58083	231039476
Peak_35193	231041237
Peak_17595	231236494
Peak_11535	231237256
Peak_14861	231240379
Peak_49514	231340164
Peak_8682	231396086
Peak_71332	231396596
Peak_50609	231420300
Peak_47308	231530202
Peak_63307	232631230
Peak_130536	232679388
Peak_7045	232705351
Peak_48855	232767619
Peak_41985	232768291
Peak_30638	232805245
Peak_126466	232806331
Peak_37589	232950331
Peak_21976	232963422
Peak_96416	233243011
Peak_34293	233295371
Peak_38547	233324897
Peak_30064	233329274
Peak_47863	233656321
Peak_112247	233707032
Peak_29701	233708415
Peak_20922	234215042
Peak_56692	234375030
Peak_27266	234478256
Peak_72552	234479604
Peak_7379	234500234
Peak_3383	234523624
Peak_53278	234524322
Peak_5607	234534052
Peak_2673	234537119
Peak_29363	234539026
Peak_8323	234545592
Peak_67612	234583987
Peak_28957	234584409
Peak_68679	234585257
Peak_90675	234586741
Peak_26308	234599799
Peak_5132	234603788
Peak_416	234612691
Peak_7388	234614540
Peak_43549	234617149
Peak_70215	234619456
Peak_21327	234625036
Peak_40741	234646097
Peak_45818	234658559
Peak_34294	234670698
Peak_70008	234700649
Peak_60727	234708351
Peak_109588	234716663
Peak_29556	234718790
Peak_16808	234720230
Peak_64	234724059
Peak_2271	234726690
Peak_38085	234727308
Peak_25541	234727839
Peak_36837	234744329
Peak_20010	234751180
Peak_34203	234751791
Peak_9907	234772489
Peak_11631	234863704
Peak_19492	234876659
Peak_15486	234887133
Peak_27267	234895242
Peak_3631	234900044
Peak_40150	234907997
Peak_48148	234909146
Peak_48149	234913617
Peak_25542	234916568
Peak_317	234921980
Peak_10582	234927471
Peak_28513	234933918
Peak_21108	234956556
Peak_4262	234958014
Peak_26012	234959348
Peak_18011	234960372
Peak_2923	234964539
Peak_2189	234972148
Peak_28915	234974688
Peak_64223	234976168
Peak_64176	234981124
Peak_8270	234981926
Peak_4204	234985295
Peak_715	234988566
Peak_116117	234989573
Peak_35662	234997390
Peak_1054	234998929
Peak_21874	235047941
Peak_8774	235062305
Peak_26309	235063719
Peak_44675	235068790
Peak_41196	235070711
Peak_89313	235071234
Peak_114380	235072716
Peak_40131	235073564
Peak_4956	235076390
Peak_34498	235080478
Peak_3243	235084322
Peak_79262	235160646
Peak_117494	235162040
Peak_54055	235251331
Peak_58089	235296026
Peak_68162	235298209
Peak_42658	235305770
Peak_35663	235314665
Peak_25191	235326613
Peak_42883	235330206
Peak_8898	235331639
Peak_50391	235502185
Peak_448	235651276
Peak_19643	235865345
Peak_11261	235868273
Peak_19644	235884130
Peak_18830	235893076
Peak_106762	235903748
Peak_48995	235920213
Peak_26607	235921172
Peak_83916	235924234
Peak_51909	236000327
Peak_82605	236064320
Peak_23019	236142144
Peak_54508	236144411
Peak_32355	236164395
Peak_101150	236280876
Peak_26310	236283050
Peak_140019	236395011
Peak_34978	236396007
Peak_63759	236516369
Peak_35665	236603914
Peak_50611	236801708
Peak_130537	236809091
Peak_53279	236863083
Peak_30640	237013682
Peak_11893	237043267
Peak_82011	239717795
Peak_63019	239719536
Peak_89486	239720230
Peak_49520	239814965
Peak_27270	239817490
Peak_25007	241848646
Peak_58091	243268705
Peak_51915	243483423
Peak_61372	243497179
Peak_63453	243849038
Peak_48795	243850038
Peak_22760	243917610
Peak_30292	244051919
Peak_36841	244304215
Peak_12981	244322715
Peak_68163	244325103
Peak_61373	244349823
Peak_63897	244445482
Peak_58571	244446368
Peak_6726	244450534
Peak_52690	244452912
Peak_9739	244461113
Peak_139721	244615079
Peak_40934	244654934
Peak_89135	244660154
Peak_114101	244833904
Peak_6188	244837831
Peak_17056	244841314
Peak_87441	244841952
Peak_11957	244861811
Peak_16744	244965158
Peak_51526	244969274
Peak_32358	245156394
Peak_6142	245157296
Peak_38555	245259159
Peak_61375	245260647
Peak_24534	246565674
Peak_44410	246569249
Peak_42888	246583333
Peak_16515	246584286
Peak_27272	246585247
Peak_51528	246588106
Peak_17067	246617148
Peak_72561	246726048
Peak_90564	246929896
Peak_31034	246930753
Peak_95503	247105253
Peak_25659	247111018
Peak_87443	247113045
Peak_4032	247331112
Peak_58094	247333864
Peak_1783	248825424
Peak_29333	248827307
Peak_40297	248837924
Peak_9428	248840457
Peak_113060	248841969
Peak_51529	248843112
Peak_12354	248858352
Peak_15090	248859737
Peak_2807	248863931
Peak_96425	248908263
